Date,Home Team,Away Team,Competition,Matchweek
2025-11-02T14:00:00Z,West Ham United FC,Newcastle United FC,Premier League,10
2025-11-02T16:30:00Z,Manchester City FC,AFC Bournemouth,Premier League,10
2025-11-03T20:00:00Z,Sunderland AFC,Everton FC,Premier League,10
2025-11-08T12:30:00Z,Tottenham Hotspur FC,Manchester United FC,Premier League,11
2025-11-08T15:00:00Z,Everton FC,Fulham FC,Premier League,11
2025-11-08T15:00:00Z,West Ham United FC,Burnley FC,Premier League,11
2025-11-08T17:30:00Z,Sunderland AFC,Arsenal FC,Premier League,11
2025-11-08T20:00:00Z,Chelsea FC,Wolverhampton Wanderers FC,Premier League,11
2025-11-09T14:00:00Z,Aston Villa FC,AFC Bournemouth,Premier League,11
2025-11-09T14:00:00Z,Crystal Palace FC,Brighton & Hove Albion FC,Premier League,11
2025-11-09T14:00:00Z,Brentford FC,Newcastle United FC,Premier League,11
2025-11-09T14:00:00Z,Nottingham Forest FC,Leeds United FC,Premier League,11
2025-11-09T16:30:00Z,Manchester City FC,Liverpool FC,Premier League,11
2025-11-22T12:30:00Z,Burnley FC,Chelsea FC,Premier League,12
2025-11-22T15:00:00Z,AFC Bournemouth,West Ham United FC,Premier League,12
2025-11-22T15:00:00Z,Brighton & Hove Albion FC,Brentford FC,Premier League,12
2025-11-22T15:00:00Z,Fulham FC,Sunderland AFC,Premier League,12
2025-11-22T15:00:00Z,Liverpool FC,Nottingham Forest FC,Premier League,12
2025-11-22T15:00:00Z,Wolverhampton Wanderers FC,Crystal Palace FC,Premier League,12
2025-11-22T17:30:00Z,Newcastle United FC,Manchester City FC,Premier League,12
2025-11-23T14:00:00Z,Leeds United FC,Aston Villa FC,Premier League,12
2025-11-23T16:30:00Z,Arsenal FC,Tottenham Hotspur FC,Premier League,12
2025-11-24T20:00:00Z,Manchester United FC,Everton FC,Premier League,12
2025-11-29T15:00:00Z,Sunderland AFC,AFC Bournemouth,Premier League,13
2025-11-29T15:00:00Z,Brentford FC,Burnley FC,Premier League,13
2025-11-29T15:00:00Z,Manchester City FC,Leeds United FC,Premier League,13
2025-11-29T17:30:00Z,Everton FC,Newcastle United FC,Premier League,13
2025-11-29T20:00:00Z,Tottenham Hotspur FC,Fulham FC,Premier League,13
2025-11-30T12:00:00Z,Crystal Palace FC,Manchester United FC,Premier League,13
2025-11-30T14:05:00Z,Aston Villa FC,Wolverhampton Wanderers FC,Premier League,13
2025-11-30T14:05:00Z,Nottingham Forest FC,Brighton & Hove Albion FC,Premier League,13
2025-11-30T14:05:00Z,West Ham United FC,Liverpool FC,Premier League,13
2025-11-30T16:30:00Z,Chelsea FC,Arsenal FC,Premier League,13
2025-12-02T19:30:00Z,AFC Bournemouth,Everton FC,Premier League,14
2025-12-02T19:30:00Z,Fulham FC,Manchester City FC,Premier League,14
2025-12-02T20:15:00Z,Newcastle United FC,Tottenham Hotspur FC,Premier League,14
2025-12-03T19:30:00Z,Brighton & Hove Albion FC,Aston Villa FC,Premier League,14
2025-12-03T19:30:00Z,Arsenal FC,Brentford FC,Premier League,14
2025-12-03T19:30:00Z,Burnley FC,Crystal Palace FC,Premier League,14
2025-12-03T19:30:00Z,Wolverhampton Wanderers FC,Nottingham Forest FC,Premier League,14
2025-12-03T20:15:00Z,Liverpool FC,Sunderland AFC,Premier League,14
2025-12-03T20:15:00Z,Leeds United FC,Chelsea FC,Premier League,14
2025-12-04T20:00:00Z,Manchester United FC,West Ham United FC,Premier League,14
2025-12-06T12:30:00Z,Aston Villa FC,Arsenal FC,Premier League,15
2025-12-06T15:00:00Z,AFC Bournemouth,Chelsea FC,Premier League,15
2025-12-06T15:00:00Z,Everton FC,Nottingham Forest FC,Premier League,15
2025-12-06T15:00:00Z,Manchester City FC,Sunderland AFC,Premier League,15
2025-12-06T15:00:00Z,Newcastle United FC,Burnley FC,Premier League,15
2025-12-06T15:00:00Z,Tottenham Hotspur FC,Brentford FC,Premier League,15
2025-12-06T17:30:00Z,Leeds United FC,Liverpool FC,Premier League,15
2025-12-07T14:00:00Z,Brighton & Hove Albion FC,West Ham United FC,Premier League,15
2025-12-07T16:30:00Z,Fulham FC,Crystal Palace FC,Premier League,15
2025-12-08T20:00:00Z,Wolverhampton Wanderers FC,Manchester United FC,Premier League,15
2025-12-13T15:00:00Z,Chelsea FC,Everton FC,Premier League,16
2025-12-13T15:00:00Z,Liverpool FC,Brighton & Hove Albion FC,Premier League,16
2025-12-13T17:30:00Z,Burnley FC,Fulham FC,Premier League,16
2025-12-13T20:00:00Z,Arsenal FC,Wolverhampton Wanderers FC,Premier League,16
2025-12-14T14:00:00Z,Sunderland AFC,Newcastle United FC,Premier League,16
2025-12-14T14:00:00Z,Crystal Palace FC,Manchester City FC,Premier League,16
2025-12-14T14:00:00Z,Nottingham Forest FC,Tottenham Hotspur FC,Premier League,16
2025-12-14T14:00:00Z,West Ham United FC,Aston Villa FC,Premier League,16
2025-12-14T16:30:00Z,Brentford FC,Leeds United FC,Premier League,16
2025-12-15T20:00:00Z,Manchester United FC,AFC Bournemouth,Premier League,16
2025-12-20T12:30:00Z,Newcastle United FC,Chelsea FC,Premier League,17
2025-12-20T15:00:00Z,AFC Bournemouth,Burnley FC,Premier League,17
2025-12-20T15:00:00Z,Brighton & Hove Albion FC,Sunderland AFC,Premier League,17
2025-12-20T15:00:00Z,Manchester City FC,West Ham United FC,Premier League,17
2025-12-20T15:00:00Z,Wolverhampton Wanderers FC,Brentford FC,Premier League,17
2025-12-20T17:30:00Z,Tottenham Hotspur FC,Liverpool FC,Premier League,17
2025-12-21T14:00:00Z,Everton FC,Arsenal FC,Premier League,17
2025-12-21T14:00:00Z,Leeds United FC,Crystal Palace FC,Premier League,17
2025-12-21T16:30:00Z,Aston Villa FC,Manchester United FC,Premier League,17
2025-12-22T20:00:00Z,Fulham FC,Nottingham Forest FC,Premier League,17
2026-01-17T00:00:00Z,Sunderland AFC,Crystal Palace FC,Premier League,22
2026-01-17T00:00:00Z,Aston Villa FC,Everton FC,Premier League,22
2026-01-17T00:00:00Z,Brighton & Hove Albion FC,AFC Bournemouth,Premier League,22
2026-01-17T00:00:00Z,Chelsea FC,Brentford FC,Premier League,22
2026-01-17T00:00:00Z,Liverpool FC,Burnley FC,Premier League,22
2026-01-17T00:00:00Z,Leeds United FC,Fulham FC,Premier League,22
2026-01-17T00:00:00Z,Manchester United FC,Manchester City FC,Premier League,22
2026-01-17T00:00:00Z,Nottingham Forest FC,Arsenal FC,Premier League,22
2026-01-17T00:00:00Z,Tottenham Hotspur FC,West Ham United FC,Premier League,22
2026-01-17T00:00:00Z,Wolverhampton Wanderers FC,Newcastle United FC,Premier League,22
2026-01-24T00:00:00Z,AFC Bournemouth,Liverpool FC,Premier League,23
2026-01-24T00:00:00Z,Crystal Palace FC,Chelsea FC,Premier League,23
2026-01-24T00:00:00Z,Arsenal FC,Manchester United FC,Premier League,23
2026-01-24T00:00:00Z,Brentford FC,Nottingham Forest FC,Premier League,23
2026-01-24T00:00:00Z,Burnley FC,Tottenham Hotspur FC,Premier League,23
2026-01-24T00:00:00Z,Everton FC,Leeds United FC,Premier League,23
2026-01-24T00:00:00Z,Fulham FC,Brighton & Hove Albion FC,Premier League,23
2026-01-24T00:00:00Z,Manchester City FC,Wolverhampton Wanderers FC,Premier League,23
2026-01-24T00:00:00Z,Newcastle United FC,Aston Villa FC,Premier League,23
2026-01-24T00:00:00Z,West Ham United FC,Sunderland AFC,Premier League,23
2026-01-31T00:00:00Z,Sunderland AFC,Burnley FC,Premier League,24
2026-01-31T00:00:00Z,Aston Villa FC,Brentford FC,Premier League,24
2026-01-31T00:00:00Z,Brighton & Hove Albion FC,Everton FC,Premier League,24
2026-01-31T00:00:00Z,Chelsea FC,West Ham United FC,Premier League,24
2026-01-31T00:00:00Z,Liverpool FC,Newcastle United FC,Premier League,24
2026-01-31T00:00:00Z,Leeds United FC,Arsenal FC,Premier League,24
2026-01-31T00:00:00Z,Manchester United FC,Fulham FC,Premier League,24
2026-01-31T00:00:00Z,Nottingham Forest FC,Crystal Palace FC,Premier League,24
2026-01-31T00:00:00Z,Tottenham Hotspur FC,Manchester City FC,Premier League,24
2026-01-31T00:00:00Z,Wolverhampton Wanderers FC,AFC Bournemouth,Premier League,24
2026-02-07T00:00:00Z,AFC Bournemouth,Aston Villa FC,Premier League,25
2026-02-07T00:00:00Z,Brighton & Hove Albion FC,Crystal Palace FC,Premier League,25
2026-02-07T00:00:00Z,Arsenal FC,Sunderland AFC,Premier League,25
2026-02-07T00:00:00Z,Burnley FC,West Ham United FC,Premier League,25
2026-02-07T00:00:00Z,Fulham FC,Everton FC,Premier League,25
2026-02-07T00:00:00Z,Liverpool FC,Manchester City FC,Premier League,25
2026-02-07T00:00:00Z,Leeds United FC,Nottingham Forest FC,Premier League,25
2026-02-07T00:00:00Z,Manchester United FC,Tottenham Hotspur FC,Premier League,25
2026-02-07T00:00:00Z,Newcastle United FC,Brentford FC,Premier League,25
2026-02-07T00:00:00Z,Wolverhampton Wanderers FC,Chelsea FC,Premier League,25
2026-02-11T00:00:00Z,Sunderland AFC,Liverpool FC,Premier League,26
2026-02-11T00:00:00Z,Aston Villa FC,Brighton & Hove Albion FC,Premier League,26
2026-02-11T00:00:00Z,Crystal Palace FC,Burnley FC,Premier League,26
2026-02-11T00:00:00Z,Brentford FC,Arsenal FC,Premier League,26
2026-02-11T00:00:00Z,Chelsea FC,Leeds United FC,Premier League,26
2026-02-11T00:00:00Z,Everton FC,AFC Bournemouth,Premier League,26
2026-02-11T00:00:00Z,Manchester City FC,Fulham FC,Premier League,26
2026-02-11T00:00:00Z,Nottingham Forest FC,Wolverhampton Wanderers FC,Premier League,26
2026-02-11T00:00:00Z,Tottenham Hotspur FC,Newcastle United FC,Premier League,26
2026-02-11T00:00:00Z,West Ham United FC,Manchester United FC,Premier League,26
2026-02-21T00:00:00Z,Sunderland AFC,Fulham FC,Premier League,27
2026-02-21T00:00:00Z,Aston Villa FC,Leeds United FC,Premier League,27
2026-02-21T00:00:00Z,Crystal Palace FC,Wolverhampton Wanderers FC,Premier League,27
2026-02-21T00:00:00Z,Brentford FC,Brighton & Hove Albion FC,Premier League,27
2026-02-21T00:00:00Z,Chelsea FC,Burnley FC,Premier League,27
2026-02-21T00:00:00Z,Everton FC,Manchester United FC,Premier League,27
2026-02-21T00:00:00Z,Manchester City FC,Newcastle United FC,Premier League,27
2026-02-21T00:00:00Z,Nottingham Forest FC,Liverpool FC,Premier League,27
2026-02-21T00:00:00Z,Tottenham Hotspur FC,Arsenal FC,Premier League,27
2026-02-21T00:00:00Z,West Ham United FC,AFC Bournemouth,Premier League,27
2026-02-28T00:00:00Z,AFC Bournemouth,Sunderland AFC,Premier League,28
2026-02-28T00:00:00Z,Brighton & Hove Albion FC,Nottingham Forest FC,Premier League,28
2026-02-28T00:00:00Z,Arsenal FC,Chelsea FC,Premier League,28
2026-02-28T00:00:00Z,Burnley FC,Brentford FC,Premier League,28
2026-02-28T00:00:00Z,Fulham FC,Tottenham Hotspur FC,Premier League,28
2026-02-28T00:00:00Z,Liverpool FC,West Ham United FC,Premier League,28
2026-02-28T00:00:00Z,Leeds United FC,Manchester City FC,Premier League,28
2026-02-28T00:00:00Z,Manchester United FC,Crystal Palace FC,Premier League,28
2026-02-28T00:00:00Z,Newcastle United FC,Everton FC,Premier League,28
2026-02-28T00:00:00Z,Wolverhampton Wanderers FC,Aston Villa FC,Premier League,28
2026-03-04T00:00:00Z,AFC Bournemouth,Brentford FC,Premier League,29
2026-03-04T00:00:00Z,Aston Villa FC,Chelsea FC,Premier League,29
2026-03-04T00:00:00Z,Brighton & Hove Albion FC,Arsenal FC,Premier League,29
2026-03-04T00:00:00Z,Everton FC,Burnley FC,Premier League,29
2026-03-04T00:00:00Z,Fulham FC,West Ham United FC,Premier League,29
2026-03-04T00:00:00Z,Leeds United FC,Sunderland AFC,Premier League,29
2026-03-04T00:00:00Z,Manchester City FC,Nottingham Forest FC,Premier League,29
2026-03-04T00:00:00Z,Newcastle United FC,Manchester United FC,Premier League,29
2026-03-04T00:00:00Z,Tottenham Hotspur FC,Crystal Palace FC,Premier League,29
2026-03-04T00:00:00Z,Wolverhampton Wanderers FC,Liverpool FC,Premier League,29
2026-03-14T00:00:00Z,Sunderland AFC,Brighton & Hove Albion FC,Premier League,30
2026-03-14T00:00:00Z,Crystal Palace FC,Leeds United FC,Premier League,30
2026-03-14T00:00:00Z,Arsenal FC,Everton FC,Premier League,30
2026-03-14T00:00:00Z,Brentford FC,Wolverhampton Wanderers FC,Premier League,30
2026-03-14T00:00:00Z,Burnley FC,AFC Bournemouth,Premier League,30
2026-03-14T00:00:00Z,Chelsea FC,Newcastle United FC,Premier League,30
2026-03-14T00:00:00Z,Liverpool FC,Tottenham Hotspur FC,Premier League,30
2026-03-14T00:00:00Z,Manchester United FC,Aston Villa FC,Premier League,30
2026-03-14T00:00:00Z,Nottingham Forest FC,Fulham FC,Premier League,30
2026-03-14T00:00:00Z,West Ham United FC,Manchester City FC,Premier League,30
2026-03-21T00:00:00Z,AFC Bournemouth,Manchester United FC,Premier League,31
2026-03-21T00:00:00Z,Aston Villa FC,West Ham United FC,Premier League,31
2026-03-21T00:00:00Z,Brighton & Hove Albion FC,Liverpool FC,Premier League,31
2026-03-21T00:00:00Z,Everton FC,Chelsea FC,Premier League,31
2026-03-21T00:00:00Z,Fulham FC,Burnley FC,Premier League,31
2026-03-21T00:00:00Z,Leeds United FC,Brentford FC,Premier League,31
2026-03-21T00:00:00Z,Manchester City FC,Crystal Palace FC,Premier League,31
2026-03-21T00:00:00Z,Newcastle United FC,Sunderland AFC,Premier League,31
2026-03-21T00:00:00Z,Tottenham Hotspur FC,Nottingham Forest FC,Premier League,31
2026-03-21T00:00:00Z,Wolverhampton Wanderers FC,Arsenal FC,Premier League,31
2026-04-11T00:00:00Z,Sunderland AFC,Tottenham Hotspur FC,Premier League,32
2026-04-11T00:00:00Z,Crystal Palace FC,Newcastle United FC,Premier League,32
2026-04-11T00:00:00Z,Arsenal FC,AFC Bournemouth,Premier League,32
2026-04-11T00:00:00Z,Brentford FC,Everton FC,Premier League,32
2026-04-11T00:00:00Z,Burnley FC,Brighton & Hove Albion FC,Premier League,32
2026-04-11T00:00:00Z,Chelsea FC,Manchester City FC,Premier League,32
2026-04-11T00:00:00Z,Liverpool FC,Fulham FC,Premier League,32
2026-04-11T00:00:00Z,Manchester United FC,Leeds United FC,Premier League,32
2026-04-11T00:00:00Z,Nottingham Forest FC,Aston Villa FC,Premier League,32
2026-04-11T00:00:00Z,West Ham United FC,Wolverhampton Wanderers FC,Premier League,32
2026-04-18T00:00:00Z,Newcastle United FC,AFC Bournemouth,Premier League,33
2026-04-18T00:00:00Z,Nottingham Forest FC,Burnley FC,Premier League,33
2026-04-18T00:00:00Z,Tottenham Hotspur FC,Brighton & Hove Albion FC,Premier League,33
2026-04-18T00:00:00Z,Aston Villa FC,Sunderland AFC,Premier League,33
2026-04-18T00:00:00Z,Crystal Palace FC,West Ham United FC,Premier League,33
2026-04-18T00:00:00Z,Brentford FC,Fulham FC,Premier League,33
2026-04-18T00:00:00Z,Chelsea FC,Manchester United FC,Premier League,33
2026-04-18T00:00:00Z,Everton FC,Liverpool FC,Premier League,33
2026-04-18T00:00:00Z,Leeds United FC,Wolverhampton Wanderers FC,Premier League,33
2026-04-18T00:00:00Z,Manchester City FC,Arsenal FC,Premier League,33
2026-04-25T00:00:00Z,AFC Bournemouth,Leeds United FC,Premier League,34
2026-04-25T00:00:00Z,Sunderland AFC,Nottingham Forest FC,Premier League,34
2026-04-25T00:00:00Z,Brighton & Hove Albion FC,Chelsea FC,Premier League,34
2026-04-25T00:00:00Z,Arsenal FC,Newcastle United FC,Premier League,34
2026-04-25T00:00:00Z,Burnley FC,Manchester City FC,Premier League,34
2026-04-25T00:00:00Z,Fulham FC,Aston Villa FC,Premier League,34
2026-04-25T00:00:00Z,Liverpool FC,Crystal Palace FC,Premier League,34
2026-04-25T00:00:00Z,Manchester United FC,Brentford FC,Premier League,34
2026-04-25T00:00:00Z,West Ham United FC,Everton FC,Premier League,34
2026-04-25T00:00:00Z,Wolverhampton Wanderers FC,Tottenham Hotspur FC,Premier League,34
2026-05-02T00:00:00Z,AFC Bournemouth,Crystal Palace FC,Premier League,35
2026-05-02T00:00:00Z,Aston Villa FC,Tottenham Hotspur FC,Premier League,35
2026-05-02T00:00:00Z,Arsenal FC,Fulham FC,Premier League,35
2026-05-02T00:00:00Z,Brentford FC,West Ham United FC,Premier League,35
2026-05-02T00:00:00Z,Chelsea FC,Nottingham Forest FC,Premier League,35
2026-05-02T00:00:00Z,Everton FC,Manchester City FC,Premier League,35
2026-05-02T00:00:00Z,Leeds United FC,Burnley FC,Premier League,35
2026-05-02T00:00:00Z,Manchester United FC,Liverpool FC,Premier League,35
2026-05-02T00:00:00Z,Newcastle United FC,Brighton & Hove Albion FC,Premier League,35
2026-05-02T00:00:00Z,Wolverhampton Wanderers FC,Sunderland AFC,Premier League,35
2026-05-09T00:00:00Z,Sunderland AFC,Manchester United FC,Premier League,36
2026-05-09T00:00:00Z,Brighton & Hove Albion FC,Wolverhampton Wanderers FC,Premier League,36
2026-05-09T00:00:00Z,Crystal Palace FC,Everton FC,Premier League,36
2026-05-09T00:00:00Z,Burnley FC,Aston Villa FC,Premier League,36
2026-05-09T00:00:00Z,Fulham FC,AFC Bournemouth,Premier League,36
2026-05-09T00:00:00Z,Liverpool FC,Chelsea FC,Premier League,36
2026-05-09T00:00:00Z,Manchester City FC,Brentford FC,Premier League,36
2026-05-09T00:00:00Z,Nottingham Forest FC,Newcastle United FC,Premier League,36
2026-05-09T00:00:00Z,Tottenham Hotspur FC,Leeds United FC,Premier League,36
2026-05-09T00:00:00Z,West Ham United FC,Arsenal FC,Premier League,36
2026-05-17T00:00:00Z,AFC Bournemouth,Manchester City FC,Premier League,37
2026-05-17T00:00:00Z,Aston Villa FC,Liverpool FC,Premier League,37
2026-05-17T00:00:00Z,Arsenal FC,Burnley FC,Premier League,37
2026-05-17T00:00:00Z,Brentford FC,Crystal Palace FC,Premier League,37
2026-05-17T00:00:00Z,Chelsea FC,Tottenham Hotspur FC,Premier League,37
2026-05-17T00:00:00Z,Everton FC,Sunderland AFC,Premier League,37
2026-05-17T00:00:00Z,Leeds United FC,Brighton & Hove Albion FC,Premier League,37
2026-05-17T00:00:00Z,Manchester United FC,Nottingham Forest FC,Premier League,37
2026-05-17T00:00:00Z,Newcastle United FC,West Ham United FC,Premier League,37
2026-05-17T00:00:00Z,Wolverhampton Wanderers FC,Fulham FC,Premier League,37
2026-05-24T00:00:00Z,Sunderland AFC,Chelsea FC,Premier League,38
2026-05-24T00:00:00Z,Brighton & Hove Albion FC,Manchester United FC,Premier League,38
2026-05-24T00:00:00Z,Crystal Palace FC,Arsenal FC,Premier League,38
2026-05-24T00:00:00Z,Burnley FC,Wolverhampton Wanderers FC,Premier League,38
2026-05-24T00:00:00Z,Fulham FC,Newcastle United FC,Premier League,38
2026-05-24T00:00:00Z,Liverpool FC,Brentford FC,Premier League,38
2026-05-24T00:00:00Z,Manchester City FC,Aston Villa FC,Premier League,38
2026-05-24T00:00:00Z,Nottingham Forest FC,AFC Bournemouth,Premier League,38
2026-05-24T00:00:00Z,Tottenham Hotspur FC,Everton FC,Premier League,38
2026-05-24T00:00:00Z,West Ham United FC,Leeds United FC,Premier League,38
2025-11-02T11:30:00Z,Hellas Verona FC,FC Internazionale Milano,Serie A,10
2025-11-02T14:00:00Z,ACF Fiorentina,US Lecce,Serie A,10
2025-11-02T14:00:00Z,Torino FC,AC Pisa 1909,Serie A,10
2025-11-02T17:00:00Z,Parma Calcio 1913,Bologna FC 1909,Serie A,10
2025-11-02T19:45:00Z,AC Milan,AS Roma,Serie A,10
2025-11-03T17:30:00Z,US Sassuolo Calcio,Genoa CFC,Serie A,10
2025-11-03T19:45:00Z,SS Lazio,Cagliari Calcio,Serie A,10
2025-11-07T19:45:00Z,AC Pisa 1909,US Cremonese,Serie A,11
2025-11-08T14:00:00Z,Como 1907,Cagliari Calcio,Serie A,11
2025-11-08T14:00:00Z,US Lecce,Hellas Verona FC,Serie A,11
2025-11-08T17:00:00Z,Juventus FC,Torino FC,Serie A,11
2025-11-08T19:45:00Z,Parma Calcio 1913,AC Milan,Serie A,11
2025-11-09T11:30:00Z,Atalanta BC,US Sassuolo Calcio,Serie A,11
2025-11-09T14:00:00Z,Genoa CFC,ACF Fiorentina,Serie A,11
2025-11-09T14:00:00Z,Bologna FC 1909,SSC Napoli,Serie A,11
2025-11-09T17:00:00Z,AS Roma,Udinese Calcio,Serie A,11
2025-11-09T19:45:00Z,FC Internazionale Milano,SS Lazio,Serie A,11
2025-11-22T14:00:00Z,Cagliari Calcio,Genoa CFC,Serie A,12
2025-11-22T14:00:00Z,Udinese Calcio,Bologna FC 1909,Serie A,12
2025-11-22T17:00:00Z,ACF Fiorentina,Juventus FC,Serie A,12
2025-11-22T19:45:00Z,SSC Napoli,Atalanta BC,Serie A,12
2025-11-23T11:30:00Z,Hellas Verona FC,Parma Calcio 1913,Serie A,12
2025-11-23T14:00:00Z,US Cremonese,AS Roma,Serie A,12
2025-11-23T17:00:00Z,SS Lazio,US Lecce,Serie A,12
2025-11-23T19:45:00Z,FC Internazionale Milano,AC Milan,Serie A,12
2025-11-24T17:30:00Z,Torino FC,Como 1907,Serie A,12
2025-11-24T19:45:00Z,US Sassuolo Calcio,AC Pisa 1909,Serie A,12
2025-11-28T19:45:00Z,Como 1907,US Sassuolo Calcio,Serie A,13
2025-11-29T14:00:00Z,Genoa CFC,Hellas Verona FC,Serie A,13
2025-11-29T14:00:00Z,Parma Calcio 1913,Udinese Calcio,Serie A,13
2025-11-29T17:00:00Z,Juventus FC,Cagliari Calcio,Serie A,13
2025-11-29T19:45:00Z,AC Milan,SS Lazio,Serie A,13
2025-11-30T11:30:00Z,US Lecce,Torino FC,Serie A,13
2025-11-30T14:00:00Z,AC Pisa 1909,FC Internazionale Milano,Serie A,13
2025-11-30T17:00:00Z,Atalanta BC,ACF Fiorentina,Serie A,13
2025-11-30T19:45:00Z,AS Roma,SSC Napoli,Serie A,13
2025-12-01T19:45:00Z,Bologna FC 1909,US Cremonese,Serie A,13
2025-12-06T14:00:00Z,US Sassuolo Calcio,ACF Fiorentina,Serie A,14
2025-12-06T17:00:00Z,FC Internazionale Milano,Como 1907,Serie A,14
2025-12-06T19:45:00Z,Hellas Verona FC,Atalanta BC,Serie A,14
2025-12-07T11:30:00Z,US Cremonese,US Lecce,Serie A,14
2025-12-07T14:00:00Z,Cagliari Calcio,AS Roma,Serie A,14
2025-12-07T17:00:00Z,SS Lazio,Bologna FC 1909,Serie A,14
2025-12-07T19:45:00Z,SSC Napoli,Juventus FC,Serie A,14
2025-12-08T14:00:00Z,AC Pisa 1909,Parma Calcio 1913,Serie A,14
2025-12-08T17:00:00Z,Udinese Calcio,Genoa CFC,Serie A,14
2025-12-08T19:45:00Z,Torino FC,AC Milan,Serie A,14
2025-12-12T19:45:00Z,US Lecce,AC Pisa 1909,Serie A,15
2025-12-13T14:00:00Z,Torino FC,US Cremonese,Serie A,15
2025-12-13T17:00:00Z,Parma Calcio 1913,SS Lazio,Serie A,15
2025-12-13T19:45:00Z,Atalanta BC,Cagliari Calcio,Serie A,15
2025-12-14T11:30:00Z,AC Milan,US Sassuolo Calcio,Serie A,15
2025-12-14T14:00:00Z,ACF Fiorentina,Hellas Verona FC,Serie A,15
2025-12-14T14:00:00Z,Udinese Calcio,SSC Napoli,Serie A,15
2025-12-14T17:00:00Z,Genoa CFC,FC Internazionale Milano,Serie A,15
2025-12-14T19:45:00Z,Bologna FC 1909,Juventus FC,Serie A,15
2025-12-15T19:45:00Z,AS Roma,Como 1907,Serie A,15
2025-12-20T17:00:00Z,SS Lazio,US Cremonese,Serie A,16
2025-12-20T19:45:00Z,Juventus FC,AS Roma,Serie A,16
2025-12-21T11:30:00Z,Cagliari Calcio,AC Pisa 1909,Serie A,16
2025-12-21T14:00:00Z,US Sassuolo Calcio,Torino FC,Serie A,16
2025-12-21T17:00:00Z,ACF Fiorentina,Udinese Calcio,Serie A,16
2025-12-21T19:45:00Z,Genoa CFC,Atalanta BC,Serie A,16
2025-12-27T11:30:00Z,Parma Calcio 1913,ACF Fiorentina,Serie A,17
2025-12-27T14:00:00Z,Torino FC,Cagliari Calcio,Serie A,17
2025-12-27T14:00:00Z,US Lecce,Como 1907,Serie A,17
2025-12-27T17:00:00Z,Udinese Calcio,SS Lazio,Serie A,17
2025-12-27T19:45:00Z,AC Pisa 1909,Juventus FC,Serie A,17
2025-12-28T11:30:00Z,AC Milan,Hellas Verona FC,Serie A,17
2025-12-28T14:00:00Z,US Cremonese,SSC Napoli,Serie A,17
2025-12-28T17:00:00Z,Bologna FC 1909,US Sassuolo Calcio,Serie A,17
2025-12-28T19:45:00Z,Atalanta BC,FC Internazionale Milano,Serie A,17
2025-12-29T19:45:00Z,AS Roma,Genoa CFC,Serie A,17
2026-01-02T19:45:00Z,Cagliari Calcio,AC Milan,Serie A,18
2026-01-03T11:30:00Z,Como 1907,Udinese Calcio,Serie A,18
2026-01-03T14:00:00Z,Genoa CFC,AC Pisa 1909,Serie A,18
2026-01-03T14:00:00Z,US Sassuolo Calcio,Parma Calcio 1913,Serie A,18
2026-01-03T17:00:00Z,Juventus FC,US Lecce,Serie A,18
2026-01-03T19:45:00Z,Atalanta BC,AS Roma,Serie A,18
2026-01-04T11:30:00Z,SS Lazio,SSC Napoli,Serie A,18
2026-01-04T14:00:00Z,ACF Fiorentina,US Cremonese,Serie A,18
2026-01-04T17:00:00Z,Hellas Verona FC,Torino FC,Serie A,18
2026-01-04T19:45:00Z,FC Internazionale Milano,Bologna FC 1909,Serie A,18
2026-01-06T14:00:00Z,AC Pisa 1909,Como 1907,Serie A,19
2026-01-06T17:00:00Z,US Lecce,AS Roma,Serie A,19
2026-01-06T19:45:00Z,US Sassuolo Calcio,Juventus FC,Serie A,19
2026-01-07T17:30:00Z,Bologna FC 1909,Atalanta BC,Serie A,19
2026-01-07T17:30:00Z,SSC Napoli,Hellas Verona FC,Serie A,19
2026-01-07T19:45:00Z,Torino FC,Udinese Calcio,Serie A,19
2026-01-07T19:45:00Z,SS Lazio,ACF Fiorentina,Serie A,19
2026-01-07T19:45:00Z,Parma Calcio 1913,FC Internazionale Milano,Serie A,19
2026-01-08T17:30:00Z,US Cremonese,Cagliari Calcio,Serie A,19
2026-01-08T19:45:00Z,AC Milan,Genoa CFC,Serie A,19
2026-01-10T14:00:00Z,Como 1907,Bologna FC 1909,Serie A,20
2026-01-10T14:00:00Z,Udinese Calcio,AC Pisa 1909,Serie A,20
2026-01-10T17:00:00Z,AS Roma,US Sassuolo Calcio,Serie A,20
2026-01-10T19:45:00Z,Atalanta BC,Torino FC,Serie A,20
2026-01-11T11:30:00Z,US Lecce,Parma Calcio 1913,Serie A,20
2026-01-11T14:00:00Z,ACF Fiorentina,AC Milan,Serie A,20
2026-01-11T17:00:00Z,Hellas Verona FC,SS Lazio,Serie A,20
2026-01-11T19:45:00Z,FC Internazionale Milano,SSC Napoli,Serie A,20
2026-01-12T17:30:00Z,Genoa CFC,Cagliari Calcio,Serie A,20
2026-01-12T19:45:00Z,Juventus FC,US Cremonese,Serie A,20
2026-01-14T17:30:00Z,SSC Napoli,Parma Calcio 1913,Serie A,16
2026-01-14T19:45:00Z,FC Internazionale Milano,US Lecce,Serie A,16
2026-01-15T17:30:00Z,Hellas Verona FC,Bologna FC 1909,Serie A,16
2026-01-15T19:45:00Z,Como 1907,AC Milan,Serie A,16
2026-01-16T19:45:00Z,AC Pisa 1909,Atalanta BC,Serie A,21
2026-01-17T14:00:00Z,Udinese Calcio,FC Internazionale Milano,Serie A,21
2026-01-17T17:00:00Z,SSC Napoli,US Sassuolo Calcio,Serie A,21
2026-01-17T19:45:00Z,Cagliari Calcio,Juventus FC,Serie A,21
2026-01-18T11:30:00Z,Parma Calcio 1913,Genoa CFC,Serie A,21
2026-01-18T14:00:00Z,Bologna FC 1909,ACF Fiorentina,Serie A,21
2026-01-18T17:00:00Z,Torino FC,AS Roma,Serie A,21
2026-01-18T19:45:00Z,AC Milan,US Lecce,Serie A,21
2026-01-19T17:30:00Z,US Cremonese,Hellas Verona FC,Serie A,21
2026-01-19T19:45:00Z,SS Lazio,Como 1907,Serie A,21
2026-01-23T19:45:00Z,FC Internazionale Milano,AC Pisa 1909,Serie A,22
2026-01-24T14:00:00Z,Como 1907,Torino FC,Serie A,22
2026-01-24T17:00:00Z,ACF Fiorentina,Cagliari Calcio,Serie A,22
2026-01-24T19:45:00Z,US Lecce,SS Lazio,Serie A,22
2026-01-25T11:30:00Z,US Sassuolo Calcio,US Cremonese,Serie A,22
2026-01-25T14:00:00Z,Atalanta BC,Parma Calcio 1913,Serie A,22
2026-01-25T14:00:00Z,Genoa CFC,Bologna FC 1909,Serie A,22
2026-01-25T17:00:00Z,Juventus FC,SSC Napoli,Serie A,22
2026-01-25T19:45:00Z,AS Roma,AC Milan,Serie A,22
2026-01-26T19:45:00Z,Hellas Verona FC,Udinese Calcio,Serie A,22
2026-02-01T00:00:00Z,Cagliari Calcio,Hellas Verona FC,Serie A,23
2026-02-01T00:00:00Z,Como 1907,Atalanta BC,Serie A,23
2026-02-01T00:00:00Z,Bologna FC 1909,AC Milan,Serie A,23
2026-02-01T00:00:00Z,Torino FC,US Lecce,Serie A,23
2026-02-01T00:00:00Z,SS Lazio,Genoa CFC,Serie A,23
2026-02-01T00:00:00Z,Parma Calcio 1913,Juventus FC,Serie A,23
2026-02-01T00:00:00Z,AC Pisa 1909,US Sassuolo Calcio,Serie A,23
2026-02-01T00:00:00Z,SSC Napoli,ACF Fiorentina,Serie A,23
2026-02-01T00:00:00Z,Udinese Calcio,AS Roma,Serie A,23
2026-02-01T00:00:00Z,US Cremonese,FC Internazionale Milano,Serie A,23
2026-02-08T00:00:00Z,ACF Fiorentina,Torino FC,Serie A,24
2026-02-08T00:00:00Z,AC Milan,Como 1907,Serie A,24
2026-02-08T00:00:00Z,AS Roma,Cagliari Calcio,Serie A,24
2026-02-08T00:00:00Z,Atalanta BC,US Cremonese,Serie A,24
2026-02-08T00:00:00Z,Genoa CFC,SSC Napoli,Serie A,24
2026-02-08T00:00:00Z,Bologna FC 1909,Parma Calcio 1913,Serie A,24
2026-02-08T00:00:00Z,Hellas Verona FC,AC Pisa 1909,Serie A,24
2026-02-08T00:00:00Z,Juventus FC,SS Lazio,Serie A,24
2026-02-08T00:00:00Z,US Sassuolo Calcio,FC Internazionale Milano,Serie A,24
2026-02-08T00:00:00Z,US Lecce,Udinese Calcio,Serie A,24
2026-02-15T00:00:00Z,Cagliari Calcio,US Lecce,Serie A,25
2026-02-15T00:00:00Z,Como 1907,ACF Fiorentina,Serie A,25
2026-02-15T00:00:00Z,Torino FC,Bologna FC 1909,Serie A,25
2026-02-15T00:00:00Z,FC Internazionale Milano,Juventus FC,Serie A,25
2026-02-15T00:00:00Z,SS Lazio,Atalanta BC,Serie A,25
2026-02-15T00:00:00Z,Parma Calcio 1913,Hellas Verona FC,Serie A,25
2026-02-15T00:00:00Z,AC Pisa 1909,AC Milan,Serie A,25
2026-02-15T00:00:00Z,SSC Napoli,AS Roma,Serie A,25
2026-02-15T00:00:00Z,Udinese Calcio,US Sassuolo Calcio,Serie A,25
2026-02-15T00:00:00Z,US Cremonese,Genoa CFC,Serie A,25
2026-02-22T00:00:00Z,ACF Fiorentina,AC Pisa 1909,Serie A,26
2026-02-22T00:00:00Z,AC Milan,Parma Calcio 1913,Serie A,26
2026-02-22T00:00:00Z,AS Roma,US Cremonese,Serie A,26
2026-02-22T00:00:00Z,Atalanta BC,SSC Napoli,Serie A,26
2026-02-22T00:00:00Z,Cagliari Calcio,SS Lazio,Serie A,26
2026-02-22T00:00:00Z,Genoa CFC,Torino FC,Serie A,26
2026-02-22T00:00:00Z,Bologna FC 1909,Udinese Calcio,Serie A,26
2026-02-22T00:00:00Z,Juventus FC,Como 1907,Serie A,26
2026-02-22T00:00:00Z,US Sassuolo Calcio,Hellas Verona FC,Serie A,26
2026-02-22T00:00:00Z,US Lecce,FC Internazionale Milano,Serie A,26
2026-03-01T00:00:00Z,AS Roma,Juventus FC,Serie A,27
2026-03-01T00:00:00Z,Como 1907,US Lecce,Serie A,27
2026-03-01T00:00:00Z,Torino FC,SS Lazio,Serie A,27
2026-03-01T00:00:00Z,Hellas Verona FC,SSC Napoli,Serie A,27
2026-03-01T00:00:00Z,FC Internazionale Milano,Genoa CFC,Serie A,27
2026-03-01T00:00:00Z,Parma Calcio 1913,Cagliari Calcio,Serie A,27
2026-03-01T00:00:00Z,AC Pisa 1909,Bologna FC 1909,Serie A,27
2026-03-01T00:00:00Z,US Sassuolo Calcio,Atalanta BC,Serie A,27
2026-03-01T00:00:00Z,Udinese Calcio,ACF Fiorentina,Serie A,27
2026-03-01T00:00:00Z,US Cremonese,AC Milan,Serie A,27
2026-03-08T00:00:00Z,Cagliari Calcio,Como 1907,Serie A,28
2026-03-08T00:00:00Z,Genoa CFC,AS Roma,Serie A,28
2026-03-08T00:00:00Z,Bologna FC 1909,Hellas Verona FC,Serie A,28
2026-03-08T00:00:00Z,Juventus FC,AC Pisa 1909,Serie A,28
2026-03-08T00:00:00Z,SS Lazio,US Sassuolo Calcio,Serie A,28
2026-03-08T00:00:00Z,SSC Napoli,Torino FC,Serie A,28
2026-03-08T00:00:00Z,US Lecce,US Cremonese,Serie A,28
2026-03-08T00:00:00Z,ACF Fiorentina,Parma Calcio 1913,Serie A,28
2026-03-08T00:00:00Z,AC Milan,FC Internazionale Milano,Serie A,28
2026-03-08T00:00:00Z,Atalanta BC,Udinese Calcio,Serie A,28
2026-03-15T00:00:00Z,Como 1907,AS Roma,Serie A,29
2026-03-15T00:00:00Z,Torino FC,Parma Calcio 1913,Serie A,29
2026-03-15T00:00:00Z,Hellas Verona FC,Genoa CFC,Serie A,29
2026-03-15T00:00:00Z,FC Internazionale Milano,Atalanta BC,Serie A,29
2026-03-15T00:00:00Z,SS Lazio,AC Milan,Serie A,29
2026-03-15T00:00:00Z,AC Pisa 1909,Cagliari Calcio,Serie A,29
2026-03-15T00:00:00Z,US Sassuolo Calcio,Bologna FC 1909,Serie A,29
2026-03-15T00:00:00Z,SSC Napoli,US Lecce,Serie A,29
2026-03-15T00:00:00Z,Udinese Calcio,Juventus FC,Serie A,29
2026-03-15T00:00:00Z,US Cremonese,ACF Fiorentina,Serie A,29
2026-03-22T00:00:00Z,ACF Fiorentina,FC Internazionale Milano,Serie A,30
2026-03-22T00:00:00Z,AC Milan,Torino FC,Serie A,30
2026-03-22T00:00:00Z,AS Roma,US Lecce,Serie A,30
2026-03-22T00:00:00Z,Atalanta BC,Hellas Verona FC,Serie A,30
2026-03-22T00:00:00Z,Cagliari Calcio,SSC Napoli,Serie A,30
2026-03-22T00:00:00Z,Genoa CFC,Udinese Calcio,Serie A,30
2026-03-22T00:00:00Z,Como 1907,AC Pisa 1909,Serie A,30
2026-03-22T00:00:00Z,Bologna FC 1909,SS Lazio,Serie A,30
2026-03-22T00:00:00Z,Juventus FC,US Sassuolo Calcio,Serie A,30
2026-03-22T00:00:00Z,Parma Calcio 1913,US Cremonese,Serie A,30
2026-04-04T00:00:00Z,Hellas Verona FC,ACF Fiorentina,Serie A,31
2026-04-04T00:00:00Z,FC Internazionale Milano,AS Roma,Serie A,31
2026-04-04T00:00:00Z,Juventus FC,Genoa CFC,Serie A,31
2026-04-04T00:00:00Z,SS Lazio,Parma Calcio 1913,Serie A,31
2026-04-04T00:00:00Z,AC Pisa 1909,Torino FC,Serie A,31
2026-04-04T00:00:00Z,US Sassuolo Calcio,Cagliari Calcio,Serie A,31
2026-04-04T00:00:00Z,SSC Napoli,AC Milan,Serie A,31
2026-04-04T00:00:00Z,Udinese Calcio,Como 1907,Serie A,31
2026-04-04T00:00:00Z,US Cremonese,Bologna FC 1909,Serie A,31
2026-04-04T00:00:00Z,US Lecce,Atalanta BC,Serie A,31
2026-04-12T00:00:00Z,ACF Fiorentina,SS Lazio,Serie A,32
2026-04-12T00:00:00Z,AC Milan,Udinese Calcio,Serie A,32
2026-04-12T00:00:00Z,AS Roma,AC Pisa 1909,Serie A,32
2026-04-12T00:00:00Z,Atalanta BC,Juventus FC,Serie A,32
2026-04-12T00:00:00Z,Cagliari Calcio,US Cremonese,Serie A,32
2026-04-12T00:00:00Z,Genoa CFC,US Sassuolo Calcio,Serie A,32
2026-04-12T00:00:00Z,Como 1907,FC Internazionale Milano,Serie A,32
2026-04-12T00:00:00Z,Bologna FC 1909,US Lecce,Serie A,32
2026-04-12T00:00:00Z,Torino FC,Hellas Verona FC,Serie A,32
2026-04-12T00:00:00Z,Parma Calcio 1913,SSC Napoli,Serie A,32
2026-04-19T00:00:00Z,AS Roma,Atalanta BC,Serie A,33
2026-04-19T00:00:00Z,Hellas Verona FC,AC Milan,Serie A,33
2026-04-19T00:00:00Z,FC Internazionale Milano,Cagliari Calcio,Serie A,33
2026-04-19T00:00:00Z,Juventus FC,Bologna FC 1909,Serie A,33
2026-04-19T00:00:00Z,AC Pisa 1909,Genoa CFC,Serie A,33
2026-04-19T00:00:00Z,US Sassuolo Calcio,Como 1907,Serie A,33
2026-04-19T00:00:00Z,SSC Napoli,SS Lazio,Serie A,33
2026-04-19T00:00:00Z,Udinese Calcio,Parma Calcio 1913,Serie A,33
2026-04-19T00:00:00Z,US Cremonese,Torino FC,Serie A,33
2026-04-19T00:00:00Z,US Lecce,ACF Fiorentina,Serie A,33
2026-04-26T00:00:00Z,ACF Fiorentina,US Sassuolo Calcio,Serie A,34
2026-04-26T00:00:00Z,AC Milan,Juventus FC,Serie A,34
2026-04-26T00:00:00Z,Cagliari Calcio,Atalanta BC,Serie A,34
2026-04-26T00:00:00Z,Genoa CFC,Como 1907,Serie A,34
2026-04-26T00:00:00Z,Bologna FC 1909,AS Roma,Serie A,34
2026-04-26T00:00:00Z,Torino FC,FC Internazionale Milano,Serie A,34
2026-04-26T00:00:00Z,Hellas Verona FC,US Lecce,Serie A,34
2026-04-26T00:00:00Z,SS Lazio,Udinese Calcio,Serie A,34
2026-04-26T00:00:00Z,Parma Calcio 1913,AC Pisa 1909,Serie A,34
2026-04-26T00:00:00Z,SSC Napoli,US Cremonese,Serie A,34
2026-05-03T00:00:00Z,AS Roma,ACF Fiorentina,Serie A,35
2026-05-03T00:00:00Z,Atalanta BC,Genoa CFC,Serie A,35
2026-05-03T00:00:00Z,Como 1907,SSC Napoli,Serie A,35
2026-05-03T00:00:00Z,Bologna FC 1909,Cagliari Calcio,Serie A,35
2026-05-03T00:00:00Z,FC Internazionale Milano,Parma Calcio 1913,Serie A,35
2026-05-03T00:00:00Z,Juventus FC,Hellas Verona FC,Serie A,35
2026-05-03T00:00:00Z,AC Pisa 1909,US Lecce,Serie A,35
2026-05-03T00:00:00Z,US Sassuolo Calcio,AC Milan,Serie A,35
2026-05-03T00:00:00Z,Udinese Calcio,Torino FC,Serie A,35
2026-05-03T00:00:00Z,US Cremonese,SS Lazio,Serie A,35
2026-05-10T00:00:00Z,ACF Fiorentina,Genoa CFC,Serie A,36
2026-05-10T00:00:00Z,AC Milan,Atalanta BC,Serie A,36
2026-05-10T00:00:00Z,Cagliari Calcio,Udinese Calcio,Serie A,36
2026-05-10T00:00:00Z,Torino FC,US Sassuolo Calcio,Serie A,36
2026-05-10T00:00:00Z,Hellas Verona FC,Como 1907,Serie A,36
2026-05-10T00:00:00Z,SS Lazio,FC Internazionale Milano,Serie A,36
2026-05-10T00:00:00Z,Parma Calcio 1913,AS Roma,Serie A,36
2026-05-10T00:00:00Z,SSC Napoli,Bologna FC 1909,Serie A,36
2026-05-10T00:00:00Z,US Cremonese,AC Pisa 1909,Serie A,36
2026-05-10T00:00:00Z,US Lecce,Juventus FC,Serie A,36
2026-05-17T00:00:00Z,AS Roma,SS Lazio,Serie A,37
2026-05-17T00:00:00Z,Atalanta BC,Bologna FC 1909,Serie A,37
2026-05-17T00:00:00Z,Cagliari Calcio,Torino FC,Serie A,37
2026-05-17T00:00:00Z,Genoa CFC,AC Milan,Serie A,37
2026-05-17T00:00:00Z,Como 1907,Parma Calcio 1913,Serie A,37
2026-05-17T00:00:00Z,FC Internazionale Milano,Hellas Verona FC,Serie A,37
2026-05-17T00:00:00Z,Juventus FC,ACF Fiorentina,Serie A,37
2026-05-17T00:00:00Z,AC Pisa 1909,SSC Napoli,Serie A,37
2026-05-17T00:00:00Z,US Sassuolo Calcio,US Lecce,Serie A,37
2026-05-17T00:00:00Z,Udinese Calcio,US Cremonese,Serie A,37
2026-05-24T00:00:00Z,ACF Fiorentina,Atalanta BC,Serie A,38
2026-05-24T00:00:00Z,AC Milan,Cagliari Calcio,Serie A,38
2026-05-24T00:00:00Z,Bologna FC 1909,FC Internazionale Milano,Serie A,38
2026-05-24T00:00:00Z,Torino FC,Juventus FC,Serie A,38
2026-05-24T00:00:00Z,Hellas Verona FC,AS Roma,Serie A,38
2026-05-24T00:00:00Z,SS Lazio,AC Pisa 1909,Serie A,38
2026-05-24T00:00:00Z,Parma Calcio 1913,US Sassuolo Calcio,Serie A,38
2026-05-24T00:00:00Z,SSC Napoli,Udinese Calcio,Serie A,38
2026-05-24T00:00:00Z,US Cremonese,Como 1907,Serie A,38
2026-05-24T00:00:00Z,US Lecce,Genoa CFC,Serie A,38
2025-11-02T14:00:00Z,Stade Rennais FC 1901,RC Strasbourg Alsace,Ligue 1,11
2025-11-02T16:15:00Z,FC Nantes,FC Metz,Ligue 1,11
2025-11-02T16:15:00Z,Toulouse FC,Le Havre AC,Ligue 1,11
2025-11-02T16:15:00Z,Lille OSC,Angers SCO,Ligue 1,11
2025-11-02T16:15:00Z,Racing Club de Lens,FC Lorient,Ligue 1,11
2025-11-02T19:45:00Z,Stade Brestois 29,Olympique Lyonnais,Ligue 1,11
2025-11-07T19:45:00Z,Paris FC,Stade Rennais FC 1901,Ligue 1,12
2025-11-08T16:00:00Z,Olympique de Marseille,Stade Brestois 29,Ligue 1,12
2025-11-08T18:00:00Z,Le Havre AC,FC Nantes,Ligue 1,12
2025-11-08T20:05:00Z,AS Monaco FC,Racing Club de Lens,Ligue 1,12
2025-11-09T14:00:00Z,FC Lorient,Toulouse FC,Ligue 1,12
2025-11-09T16:15:00Z,FC Metz,OGC Nice,Ligue 1,12
2025-11-09T16:15:00Z,RC Strasbourg Alsace,Lille OSC,Ligue 1,12
2025-11-09T16:15:00Z,Angers SCO,AJ Auxerre,Ligue 1,12
2025-11-09T19:45:00Z,Olympique Lyonnais,Paris Saint-Germain FC,Ligue 1,12
2025-11-21T19:45:00Z,OGC Nice,Olympique de Marseille,Ligue 1,13
2025-11-22T16:00:00Z,Racing Club de Lens,RC Strasbourg Alsace,Ligue 1,13
2025-11-22T18:00:00Z,Stade Rennais FC 1901,AS Monaco FC,Ligue 1,13
2025-11-22T20:05:00Z,Paris Saint-Germain FC,Le Havre AC,Ligue 1,13
2025-11-23T14:00:00Z,AJ Auxerre,Olympique Lyonnais,Ligue 1,13
2025-11-23T16:15:00Z,FC Nantes,FC Lorient,Ligue 1,13
2025-11-23T16:15:00Z,Toulouse FC,Angers SCO,Ligue 1,13
2025-11-23T16:15:00Z,Stade Brestois 29,FC Metz,Ligue 1,13
2025-11-23T19:45:00Z,Lille OSC,Paris FC,Ligue 1,13
2025-11-28T19:45:00Z,FC Metz,Stade Rennais FC 1901,Ligue 1,14
2025-11-29T16:00:00Z,AS Monaco FC,Paris Saint-Germain FC,Ligue 1,14
2025-11-29T18:00:00Z,Paris FC,AJ Auxerre,Ligue 1,14
2025-11-29T20:05:00Z,Olympique de Marseille,Toulouse FC,Ligue 1,14
2025-11-30T14:00:00Z,RC Strasbourg Alsace,Stade Brestois 29,Ligue 1,14
2025-11-30T16:15:00Z,Le Havre AC,Lille OSC,Ligue 1,14
2025-11-30T16:15:00Z,FC Lorient,OGC Nice,Ligue 1,14
2025-11-30T16:15:00Z,Angers SCO,Racing Club de Lens,Ligue 1,14
2025-11-30T19:45:00Z,Olympique Lyonnais,FC Nantes,Ligue 1,14
2025-12-05T18:00:00Z,Stade Brestois 29,AS Monaco FC,Ligue 1,15
2025-12-05T20:00:00Z,Lille OSC,Olympique de Marseille,Ligue 1,15
2025-12-06T16:00:00Z,FC Nantes,Racing Club de Lens,Ligue 1,15
2025-12-06T18:00:00Z,Toulouse FC,RC Strasbourg Alsace,Ligue 1,15
2025-12-06T20:05:00Z,Paris Saint-Germain FC,Stade Rennais FC 1901,Ligue 1,15
2025-12-07T14:00:00Z,OGC Nice,Angers SCO,Ligue 1,15
2025-12-07T16:15:00Z,Le Havre AC,Paris FC,Ligue 1,15
2025-12-07T16:15:00Z,AJ Auxerre,FC Metz,Ligue 1,15
2025-12-07T19:45:00Z,FC Lorient,Olympique Lyonnais,Ligue 1,15
2025-12-12T19:45:00Z,Angers SCO,FC Nantes,Ligue 1,16
2025-12-13T16:00:00Z,Stade Rennais FC 1901,Stade Brestois 29,Ligue 1,16
2025-12-13T18:00:00Z,FC Metz,Paris Saint-Germain FC,Ligue 1,16
2025-12-13T20:05:00Z,Paris FC,Toulouse FC,Ligue 1,16
2025-12-14T16:15:00Z,AJ Auxerre,Lille OSC,Ligue 1,16
2025-12-14T16:15:00Z,Olympique Lyonnais,Le Havre AC,Ligue 1,16
2025-12-14T16:15:00Z,RC Strasbourg Alsace,FC Lorient,Ligue 1,16
2025-12-14T16:15:00Z,Racing Club de Lens,OGC Nice,Ligue 1,16
2025-12-14T19:45:00Z,Olympique de Marseille,AS Monaco FC,Ligue 1,16
2026-01-04T00:00:00Z,Le Havre AC,Angers SCO,Ligue 1,17
2026-01-04T00:00:00Z,AS Monaco FC,Olympique Lyonnais,Ligue 1,17
2026-01-04T00:00:00Z,FC Lorient,FC Metz,Ligue 1,17
2026-01-04T00:00:00Z,Toulouse FC,Racing Club de Lens,Ligue 1,17
2026-01-04T00:00:00Z,OGC Nice,RC Strasbourg Alsace,Ligue 1,17
2026-01-04T00:00:00Z,Lille OSC,Stade Rennais FC 1901,Ligue 1,17
2026-01-04T00:00:00Z,Stade Brestois 29,AJ Auxerre,Ligue 1,17
2026-01-18T00:00:00Z,AS Monaco FC,FC Lorient,Ligue 1,18
2026-01-18T00:00:00Z,FC Nantes,Paris FC,Ligue 1,18
2026-01-18T00:00:00Z,Toulouse FC,OGC Nice,Ligue 1,18
2026-01-18T00:00:00Z,Olympique Lyonnais,Stade Brestois 29,Ligue 1,18
2026-01-18T00:00:00Z,Paris Saint-Germain FC,Lille OSC,Ligue 1,18
2026-01-18T00:00:00Z,RC Strasbourg Alsace,FC Metz,Ligue 1,18
2026-01-18T00:00:00Z,Racing Club de Lens,AJ Auxerre,Ligue 1,18
2026-01-18T00:00:00Z,Angers SCO,Olympique de Marseille,Ligue 1,18
2026-01-18T00:00:00Z,Stade Rennais FC 1901,Le Havre AC,Ligue 1,18
2026-01-25T00:00:00Z,Le Havre AC,AS Monaco FC,Ligue 1,19
2026-01-25T00:00:00Z,AJ Auxerre,Paris Saint-Germain FC,Ligue 1,19
2026-01-25T00:00:00Z,FC Metz,Olympique Lyonnais,Ligue 1,19
2026-01-25T00:00:00Z,FC Nantes,OGC Nice,Ligue 1,19
2026-01-25T00:00:00Z,Paris FC,Angers SCO,Ligue 1,19
2026-01-25T00:00:00Z,Olympique de Marseille,Racing Club de Lens,Ligue 1,19
2026-01-25T00:00:00Z,Lille OSC,RC Strasbourg Alsace,Ligue 1,19
2026-01-25T00:00:00Z,Stade Brestois 29,Toulouse FC,Ligue 1,19
2026-01-25T00:00:00Z,Stade Rennais FC 1901,FC Lorient,Ligue 1,19
2026-02-01T00:00:00Z,AS Monaco FC,Stade Rennais FC 1901,Ligue 1,20
2026-02-01T00:00:00Z,FC Lorient,FC Nantes,Ligue 1,20
2026-02-01T00:00:00Z,Paris FC,Olympique de Marseille,Ligue 1,20
2026-02-01T00:00:00Z,Toulouse FC,AJ Auxerre,Ligue 1,20
2026-02-01T00:00:00Z,OGC Nice,Stade Brestois 29,Ligue 1,20
2026-02-01T00:00:00Z,Olympique Lyonnais,Lille OSC,Ligue 1,20
2026-02-01T00:00:00Z,RC Strasbourg Alsace,Paris Saint-Germain FC,Ligue 1,20
2026-02-01T00:00:00Z,Racing Club de Lens,Le Havre AC,Ligue 1,20
2026-02-01T00:00:00Z,Angers SCO,FC Metz,Ligue 1,20
2026-02-08T00:00:00Z,Le Havre AC,RC Strasbourg Alsace,Ligue 1,21
2026-02-08T00:00:00Z,AJ Auxerre,Paris FC,Ligue 1,21
2026-02-08T00:00:00Z,FC Metz,Lille OSC,Ligue 1,21
2026-02-08T00:00:00Z,FC Nantes,Olympique Lyonnais,Ligue 1,21
2026-02-08T00:00:00Z,OGC Nice,AS Monaco FC,Ligue 1,21
2026-02-08T00:00:00Z,Paris Saint-Germain FC,Olympique de Marseille,Ligue 1,21
2026-02-08T00:00:00Z,Racing Club de Lens,Stade Rennais FC 1901,Ligue 1,21
2026-02-08T00:00:00Z,Angers SCO,Toulouse FC,Ligue 1,21
2026-02-08T00:00:00Z,Stade Brestois 29,FC Lorient,Ligue 1,21
2026-02-15T00:00:00Z,Le Havre AC,Toulouse FC,Ligue 1,22
2026-02-15T00:00:00Z,AS Monaco FC,FC Nantes,Ligue 1,22
2026-02-15T00:00:00Z,FC Lorient,Angers SCO,Ligue 1,22
2026-02-15T00:00:00Z,FC Metz,AJ Auxerre,Ligue 1,22
2026-02-15T00:00:00Z,Paris FC,Racing Club de Lens,Ligue 1,22
2026-02-15T00:00:00Z,Olympique Lyonnais,OGC Nice,Ligue 1,22
2026-02-15T00:00:00Z,Olympique de Marseille,RC Strasbourg Alsace,Ligue 1,22
2026-02-15T00:00:00Z,Lille OSC,Stade Brestois 29,Ligue 1,22
2026-02-15T00:00:00Z,Stade Rennais FC 1901,Paris Saint-Germain FC,Ligue 1,22
2026-02-22T00:00:00Z,AJ Auxerre,Stade Rennais FC 1901,Ligue 1,23
2026-02-22T00:00:00Z,FC Nantes,Le Havre AC,Ligue 1,23
2026-02-22T00:00:00Z,Toulouse FC,Paris FC,Ligue 1,23
2026-02-22T00:00:00Z,OGC Nice,FC Lorient,Ligue 1,23
2026-02-22T00:00:00Z,Paris Saint-Germain FC,FC Metz,Ligue 1,23
2026-02-22T00:00:00Z,RC Strasbourg Alsace,Olympique Lyonnais,Ligue 1,23
2026-02-22T00:00:00Z,Racing Club de Lens,AS Monaco FC,Ligue 1,23
2026-02-22T00:00:00Z,Angers SCO,Lille OSC,Ligue 1,23
2026-02-22T00:00:00Z,Stade Brestois 29,Olympique de Marseille,Ligue 1,23
2026-03-01T00:00:00Z,Le Havre AC,Paris Saint-Germain FC,Ligue 1,24
2026-03-01T00:00:00Z,AS Monaco FC,Angers SCO,Ligue 1,24
2026-03-01T00:00:00Z,FC Lorient,AJ Auxerre,Ligue 1,24
2026-03-01T00:00:00Z,FC Metz,Stade Brestois 29,Ligue 1,24
2026-03-01T00:00:00Z,Paris FC,OGC Nice,Ligue 1,24
2026-03-01T00:00:00Z,Olympique de Marseille,Olympique Lyonnais,Ligue 1,24
2026-03-01T00:00:00Z,Lille OSC,FC Nantes,Ligue 1,24
2026-03-01T00:00:00Z,RC Strasbourg Alsace,Racing Club de Lens,Ligue 1,24
2026-03-01T00:00:00Z,Stade Rennais FC 1901,Toulouse FC,Ligue 1,24
2026-03-08T00:00:00Z,AJ Auxerre,RC Strasbourg Alsace,Ligue 1,25
2026-03-08T00:00:00Z,FC Nantes,Angers SCO,Ligue 1,25
2026-03-08T00:00:00Z,Toulouse FC,Olympique de Marseille,Ligue 1,25
2026-03-08T00:00:00Z,OGC Nice,Stade Rennais FC 1901,Ligue 1,25
2026-03-08T00:00:00Z,Olympique Lyonnais,Paris FC,Ligue 1,25
2026-03-08T00:00:00Z,Lille OSC,FC Lorient,Ligue 1,25
2026-03-08T00:00:00Z,Paris Saint-Germain FC,AS Monaco FC,Ligue 1,25
2026-03-08T00:00:00Z,Racing Club de Lens,FC Metz,Ligue 1,25
2026-03-08T00:00:00Z,Stade Brestois 29,Le Havre AC,Ligue 1,25
2026-03-15T00:00:00Z,Le Havre AC,Olympique Lyonnais,Ligue 1,26
2026-03-15T00:00:00Z,AS Monaco FC,Stade Brestois 29,Ligue 1,26
2026-03-15T00:00:00Z,FC Lorient,Racing Club de Lens,Ligue 1,26
2026-03-15T00:00:00Z,FC Metz,Toulouse FC,Ligue 1,26
2026-03-15T00:00:00Z,Olympique de Marseille,AJ Auxerre,Ligue 1,26
2026-03-15T00:00:00Z,Paris Saint-Germain FC,FC Nantes,Ligue 1,26
2026-03-15T00:00:00Z,RC Strasbourg Alsace,Paris FC,Ligue 1,26
2026-03-15T00:00:00Z,Angers SCO,OGC Nice,Ligue 1,26
2026-03-15T00:00:00Z,Stade Rennais FC 1901,Lille OSC,Ligue 1,26
2026-03-22T00:00:00Z,AJ Auxerre,Stade Brestois 29,Ligue 1,27
2026-03-22T00:00:00Z,FC Nantes,RC Strasbourg Alsace,Ligue 1,27
2026-03-22T00:00:00Z,Paris FC,Le Havre AC,Ligue 1,27
2026-03-22T00:00:00Z,Toulouse FC,FC Lorient,Ligue 1,27
2026-03-22T00:00:00Z,OGC Nice,Paris Saint-Germain FC,Ligue 1,27
2026-03-22T00:00:00Z,Olympique Lyonnais,AS Monaco FC,Ligue 1,27
2026-03-22T00:00:00Z,Olympique de Marseille,Lille OSC,Ligue 1,27
2026-03-22T00:00:00Z,Racing Club de Lens,Angers SCO,Ligue 1,27
2026-03-22T00:00:00Z,Stade Rennais FC 1901,FC Metz,Ligue 1,27
2026-04-05T00:00:00Z,Le Havre AC,AJ Auxerre,Ligue 1,28
2026-04-05T00:00:00Z,AS Monaco FC,Olympique de Marseille,Ligue 1,28
2026-04-05T00:00:00Z,FC Lorient,Paris FC,Ligue 1,28
2026-04-05T00:00:00Z,FC Metz,FC Nantes,Ligue 1,28
2026-04-05T00:00:00Z,Lille OSC,Racing Club de Lens,Ligue 1,28
2026-04-05T00:00:00Z,Paris Saint-Germain FC,Toulouse FC,Ligue 1,28
2026-04-05T00:00:00Z,RC Strasbourg Alsace,OGC Nice,Ligue 1,28
2026-04-05T00:00:00Z,Angers SCO,Olympique Lyonnais,Ligue 1,28
2026-04-05T00:00:00Z,Stade Brestois 29,Stade Rennais FC 1901,Ligue 1,28
2026-04-12T00:00:00Z,AJ Auxerre,FC Nantes,Ligue 1,29
2026-04-12T00:00:00Z,Paris FC,AS Monaco FC,Ligue 1,29
2026-04-12T00:00:00Z,Toulouse FC,Lille OSC,Ligue 1,29
2026-04-12T00:00:00Z,OGC Nice,Le Havre AC,Ligue 1,29
2026-04-12T00:00:00Z,Olympique Lyonnais,FC Lorient,Ligue 1,29
2026-04-12T00:00:00Z,Olympique de Marseille,FC Metz,Ligue 1,29
2026-04-12T00:00:00Z,Racing Club de Lens,Paris Saint-Germain FC,Ligue 1,29
2026-04-12T00:00:00Z,Stade Brestois 29,RC Strasbourg Alsace,Ligue 1,29
2026-04-12T00:00:00Z,Stade Rennais FC 1901,Angers SCO,Ligue 1,29
2026-04-19T00:00:00Z,AS Monaco FC,AJ Auxerre,Ligue 1,30
2026-04-19T00:00:00Z,FC Lorient,Olympique de Marseille,Ligue 1,30
2026-04-19T00:00:00Z,FC Metz,Paris FC,Ligue 1,30
2026-04-19T00:00:00Z,FC Nantes,Stade Brestois 29,Ligue 1,30
2026-04-19T00:00:00Z,Lille OSC,OGC Nice,Ligue 1,30
2026-04-19T00:00:00Z,Paris Saint-Germain FC,Olympique Lyonnais,Ligue 1,30
2026-04-19T00:00:00Z,RC Strasbourg Alsace,Stade Rennais FC 1901,Ligue 1,30
2026-04-19T00:00:00Z,Racing Club de Lens,Toulouse FC,Ligue 1,30
2026-04-19T00:00:00Z,Angers SCO,Le Havre AC,Ligue 1,30
2026-04-26T00:00:00Z,Le Havre AC,FC Metz,Ligue 1,31
2026-04-26T00:00:00Z,FC Lorient,RC Strasbourg Alsace,Ligue 1,31
2026-04-26T00:00:00Z,Paris FC,Lille OSC,Ligue 1,31
2026-04-26T00:00:00Z,Toulouse FC,AS Monaco FC,Ligue 1,31
2026-04-26T00:00:00Z,Olympique Lyonnais,AJ Auxerre,Ligue 1,31
2026-04-26T00:00:00Z,Olympique de Marseille,OGC Nice,Ligue 1,31
2026-04-26T00:00:00Z,Angers SCO,Paris Saint-Germain FC,Ligue 1,31
2026-04-26T00:00:00Z,Stade Brestois 29,Racing Club de Lens,Ligue 1,31
2026-04-26T00:00:00Z,Stade Rennais FC 1901,FC Nantes,Ligue 1,31
2026-05-03T00:00:00Z,AJ Auxerre,Angers SCO,Ligue 1,32
2026-05-03T00:00:00Z,FC Metz,AS Monaco FC,Ligue 1,32
2026-05-03T00:00:00Z,FC Nantes,Olympique de Marseille,Ligue 1,32
2026-05-03T00:00:00Z,Paris FC,Stade Brestois 29,Ligue 1,32
2026-05-03T00:00:00Z,OGC Nice,Racing Club de Lens,Ligue 1,32
2026-05-03T00:00:00Z,Olympique Lyonnais,Stade Rennais FC 1901,Ligue 1,32
2026-05-03T00:00:00Z,Lille OSC,Le Havre AC,Ligue 1,32
2026-05-03T00:00:00Z,Paris Saint-Germain FC,FC Lorient,Ligue 1,32
2026-05-03T00:00:00Z,RC Strasbourg Alsace,Toulouse FC,Ligue 1,32
2026-05-09T00:00:00Z,Le Havre AC,Olympique de Marseille,Ligue 1,33
2026-05-09T00:00:00Z,AJ Auxerre,OGC Nice,Ligue 1,33
2026-05-09T00:00:00Z,AS Monaco FC,Lille OSC,Ligue 1,33
2026-05-09T00:00:00Z,FC Metz,FC Lorient,Ligue 1,33
2026-05-09T00:00:00Z,Toulouse FC,Olympique Lyonnais,Ligue 1,33
2026-05-09T00:00:00Z,Paris Saint-Germain FC,Stade Brestois 29,Ligue 1,33
2026-05-09T00:00:00Z,Racing Club de Lens,FC Nantes,Ligue 1,33
2026-05-09T00:00:00Z,Angers SCO,RC Strasbourg Alsace,Ligue 1,33
2026-05-09T00:00:00Z,Stade Rennais FC 1901,Paris FC,Ligue 1,33
2026-05-16T00:00:00Z,FC Lorient,Le Havre AC,Ligue 1,34
2026-05-16T00:00:00Z,FC Nantes,Toulouse FC,Ligue 1,34
2026-05-16T00:00:00Z,Paris FC,Paris Saint-Germain FC,Ligue 1,34
2026-05-16T00:00:00Z,OGC Nice,FC Metz,Ligue 1,34
2026-05-16T00:00:00Z,Olympique Lyonnais,Racing Club de Lens,Ligue 1,34
2026-05-16T00:00:00Z,Olympique de Marseille,Stade Rennais FC 1901,Ligue 1,34
2026-05-16T00:00:00Z,Lille OSC,AJ Auxerre,Ligue 1,34
2026-05-16T00:00:00Z,RC Strasbourg Alsace,AS Monaco FC,Ligue 1,34
2026-05-16T00:00:00Z,Stade Brestois 29,Angers SCO,Ligue 1,34
2025-11-02T13:00:00Z,Levante UD,RC Celta de Vigo,La Liga,11
2025-11-02T15:15:00Z,Deportivo Alavés,RCD Espanyol de Barcelona,La Liga,11
2025-11-02T17:30:00Z,FC Barcelona,Elche CF,La Liga,11
2025-11-02T20:00:00Z,Real Betis Balompié,RCD Mallorca,La Liga,11
2025-11-03T20:00:00Z,Real Oviedo,CA Osasuna,La Liga,11
2025-11-07T20:00:00Z,Elche CF,Real Sociedad de Fútbol,La Liga,12
2025-11-08T13:00:00Z,Girona FC,Deportivo Alavés,La Liga,12
2025-11-08T15:15:00Z,Sevilla FC,CA Osasuna,La Liga,12
2025-11-08T17:30:00Z,Club Atlético de Madrid,Levante UD,La Liga,12
2025-11-08T20:00:00Z,RCD Espanyol de Barcelona,Villarreal CF,La Liga,12
2025-11-09T13:00:00Z,Athletic Club,Real Oviedo,La Liga,12
2025-11-09T15:15:00Z,Rayo Vallecano de Madrid,Real Madrid CF,La Liga,12
2025-11-09T17:30:00Z,Valencia CF,Real Betis Balompié,La Liga,12
2025-11-09T17:30:00Z,RCD Mallorca,Getafe CF,La Liga,12
2025-11-09T20:00:00Z,RC Celta de Vigo,FC Barcelona,La Liga,12
2025-11-21T20:00:00Z,Valencia CF,Levante UD,La Liga,13
2025-11-22T13:00:00Z,Deportivo Alavés,RC Celta de Vigo,La Liga,13
2025-11-22T15:15:00Z,FC Barcelona,Athletic Club,La Liga,13
2025-11-22T17:30:00Z,CA Osasuna,Real Sociedad de Fútbol,La Liga,13
2025-11-22T20:00:00Z,Villarreal CF,RCD Mallorca,La Liga,13
2025-11-23T13:00:00Z,Real Oviedo,Rayo Vallecano de Madrid,La Liga,13
2025-11-23T15:15:00Z,Real Betis Balompié,Girona FC,La Liga,13
2025-11-23T17:30:00Z,Getafe CF,Club Atlético de Madrid,La Liga,13
2025-11-23T20:00:00Z,Elche CF,Real Madrid CF,La Liga,13
2025-11-24T20:00:00Z,RCD Espanyol de Barcelona,Sevilla FC,La Liga,13
2025-11-28T20:00:00Z,Getafe CF,Elche CF,La Liga,14
2025-11-29T13:00:00Z,RCD Mallorca,CA Osasuna,La Liga,14
2025-11-29T15:15:00Z,FC Barcelona,Deportivo Alavés,La Liga,14
2025-11-29T17:30:00Z,Levante UD,Athletic Club,La Liga,14
2025-11-29T20:00:00Z,Club Atlético de Madrid,Real Oviedo,La Liga,14
2025-11-30T13:00:00Z,Real Sociedad de Fútbol,Villarreal CF,La Liga,14
2025-11-30T15:15:00Z,Sevilla FC,Real Betis Balompié,La Liga,14
2025-11-30T17:30:00Z,RC Celta de Vigo,RCD Espanyol de Barcelona,La Liga,14
2025-11-30T20:00:00Z,Girona FC,Real Madrid CF,La Liga,14
2025-12-01T20:00:00Z,Rayo Vallecano de Madrid,Valencia CF,La Liga,14
2025-12-07T00:00:00Z,Deportivo Alavés,Real Sociedad de Fútbol,La Liga,15
2025-12-07T00:00:00Z,Athletic Club,Club Atlético de Madrid,La Liga,15
2025-12-07T00:00:00Z,Elche CF,Girona FC,La Liga,15
2025-12-07T00:00:00Z,RCD Espanyol de Barcelona,Rayo Vallecano de Madrid,La Liga,15
2025-12-07T00:00:00Z,Real Betis Balompié,FC Barcelona,La Liga,15
2025-12-07T00:00:00Z,Real Madrid CF,RC Celta de Vigo,La Liga,15
2025-12-07T00:00:00Z,Villarreal CF,Getafe CF,La Liga,15
2025-12-07T00:00:00Z,CA Osasuna,Levante UD,La Liga,15
2025-12-07T00:00:00Z,Real Oviedo,RCD Mallorca,La Liga,15
2025-12-07T00:00:00Z,Valencia CF,Sevilla FC,La Liga,15
2025-12-14T00:00:00Z,Deportivo Alavés,Real Madrid CF,La Liga,16
2025-12-14T00:00:00Z,Club Atlético de Madrid,Valencia CF,La Liga,16
2025-12-14T00:00:00Z,FC Barcelona,CA Osasuna,La Liga,16
2025-12-14T00:00:00Z,Levante UD,Villarreal CF,La Liga,16
2025-12-14T00:00:00Z,RC Celta de Vigo,Athletic Club,La Liga,16
2025-12-14T00:00:00Z,Rayo Vallecano de Madrid,Real Betis Balompié,La Liga,16
2025-12-14T00:00:00Z,RCD Mallorca,Elche CF,La Liga,16
2025-12-14T00:00:00Z,Getafe CF,RCD Espanyol de Barcelona,La Liga,16
2025-12-14T00:00:00Z,Real Sociedad de Fútbol,Girona FC,La Liga,16
2025-12-14T00:00:00Z,Sevilla FC,Real Oviedo,La Liga,16
2025-12-21T00:00:00Z,Athletic Club,RCD Espanyol de Barcelona,La Liga,17
2025-12-21T00:00:00Z,Real Betis Balompié,Getafe CF,La Liga,17
2025-12-21T00:00:00Z,Elche CF,Rayo Vallecano de Madrid,La Liga,17
2025-12-21T00:00:00Z,Levante UD,Real Sociedad de Fútbol,La Liga,17
2025-12-21T00:00:00Z,Real Madrid CF,Sevilla FC,La Liga,17
2025-12-21T00:00:00Z,CA Osasuna,Deportivo Alavés,La Liga,17
2025-12-21T00:00:00Z,Girona FC,Club Atlético de Madrid,La Liga,17
2025-12-21T00:00:00Z,Villarreal CF,FC Barcelona,La Liga,17
2025-12-21T00:00:00Z,Real Oviedo,RC Celta de Vigo,La Liga,17
2025-12-21T00:00:00Z,Valencia CF,RCD Mallorca,La Liga,17
2026-01-04T00:00:00Z,Deportivo Alavés,Real Oviedo,La Liga,18
2026-01-04T00:00:00Z,RC Celta de Vigo,Valencia CF,La Liga,18
2026-01-04T00:00:00Z,Elche CF,Villarreal CF,La Liga,18
2026-01-04T00:00:00Z,CA Osasuna,Athletic Club,La Liga,18
2026-01-04T00:00:00Z,Real Sociedad de Fútbol,Club Atlético de Madrid,La Liga,18
2026-01-04T00:00:00Z,RCD Espanyol de Barcelona,FC Barcelona,La Liga,18
2026-01-04T00:00:00Z,Real Madrid CF,Real Betis Balompié,La Liga,18
2026-01-04T00:00:00Z,Rayo Vallecano de Madrid,Getafe CF,La Liga,18
2026-01-04T00:00:00Z,RCD Mallorca,Girona FC,La Liga,18
2026-01-04T00:00:00Z,Sevilla FC,Levante UD,La Liga,18
2026-01-11T00:00:00Z,Getafe CF,Real Sociedad de Fútbol,La Liga,19
2026-01-11T00:00:00Z,Girona FC,CA Osasuna,La Liga,19
2026-01-11T00:00:00Z,Villarreal CF,Deportivo Alavés,La Liga,19
2026-01-11T00:00:00Z,Real Oviedo,Real Betis Balompié,La Liga,19
2026-01-11T00:00:00Z,Sevilla FC,RC Celta de Vigo,La Liga,19
2026-01-11T00:00:00Z,Valencia CF,Elche CF,La Liga,19
2026-01-11T00:00:00Z,Levante UD,RCD Espanyol de Barcelona,La Liga,19
2026-01-11T00:00:00Z,Rayo Vallecano de Madrid,RCD Mallorca,La Liga,19
2026-01-18T00:00:00Z,Real Betis Balompié,Villarreal CF,La Liga,20
2026-01-18T00:00:00Z,RC Celta de Vigo,Rayo Vallecano de Madrid,La Liga,20
2026-01-18T00:00:00Z,Elche CF,Sevilla FC,La Liga,20
2026-01-18T00:00:00Z,RCD Espanyol de Barcelona,Girona FC,La Liga,20
2026-01-18T00:00:00Z,Getafe CF,Valencia CF,La Liga,20
2026-01-18T00:00:00Z,CA Osasuna,Real Oviedo,La Liga,20
2026-01-18T00:00:00Z,Club Atlético de Madrid,Deportivo Alavés,La Liga,20
2026-01-18T00:00:00Z,RCD Mallorca,Athletic Club,La Liga,20
2026-01-18T00:00:00Z,Real Sociedad de Fútbol,FC Barcelona,La Liga,20
2026-01-18T00:00:00Z,Real Madrid CF,Levante UD,La Liga,20
2026-01-25T00:00:00Z,Deportivo Alavés,Real Betis Balompié,La Liga,21
2026-01-25T00:00:00Z,Club Atlético de Madrid,RCD Mallorca,La Liga,21
2026-01-25T00:00:00Z,FC Barcelona,Real Oviedo,La Liga,21
2026-01-25T00:00:00Z,Sevilla FC,Athletic Club,La Liga,21
2026-01-25T00:00:00Z,Real Sociedad de Fútbol,RC Celta de Vigo,La Liga,21
2026-01-25T00:00:00Z,Levante UD,Elche CF,La Liga,21
2026-01-25T00:00:00Z,Valencia CF,RCD Espanyol de Barcelona,La Liga,21
2026-01-25T00:00:00Z,Girona FC,Getafe CF,La Liga,21
2026-01-25T00:00:00Z,Rayo Vallecano de Madrid,CA Osasuna,La Liga,21
2026-01-25T00:00:00Z,Villarreal CF,Real Madrid CF,La Liga,21
2026-02-01T00:00:00Z,Athletic Club,Real Sociedad de Fútbol,La Liga,22
2026-02-01T00:00:00Z,Real Betis Balompié,Valencia CF,La Liga,22
2026-02-01T00:00:00Z,RCD Mallorca,Sevilla FC,La Liga,22
2026-02-01T00:00:00Z,CA Osasuna,Villarreal CF,La Liga,22
2026-02-01T00:00:00Z,RCD Espanyol de Barcelona,Deportivo Alavés,La Liga,22
2026-02-01T00:00:00Z,Levante UD,Club Atlético de Madrid,La Liga,22
2026-02-01T00:00:00Z,Elche CF,FC Barcelona,La Liga,22
2026-02-01T00:00:00Z,Getafe CF,RC Celta de Vigo,La Liga,22
2026-02-01T00:00:00Z,Real Oviedo,Girona FC,La Liga,22
2026-02-01T00:00:00Z,Real Madrid CF,Rayo Vallecano de Madrid,La Liga,22
2026-02-08T00:00:00Z,Deportivo Alavés,Getafe CF,La Liga,23
2026-02-08T00:00:00Z,Athletic Club,Levante UD,La Liga,23
2026-02-08T00:00:00Z,Club Atlético de Madrid,Real Betis Balompié,La Liga,23
2026-02-08T00:00:00Z,FC Barcelona,RCD Mallorca,La Liga,23
2026-02-08T00:00:00Z,RC Celta de Vigo,CA Osasuna,La Liga,23
2026-02-08T00:00:00Z,Real Sociedad de Fútbol,Elche CF,La Liga,23
2026-02-08T00:00:00Z,Villarreal CF,RCD Espanyol de Barcelona,La Liga,23
2026-02-08T00:00:00Z,Sevilla FC,Girona FC,La Liga,23
2026-02-08T00:00:00Z,Valencia CF,Real Madrid CF,La Liga,23
2026-02-08T00:00:00Z,Rayo Vallecano de Madrid,Real Oviedo,La Liga,23
2026-02-15T00:00:00Z,Elche CF,CA Osasuna,La Liga,24
2026-02-15T00:00:00Z,Getafe CF,Villarreal CF,La Liga,24
2026-02-15T00:00:00Z,Levante UD,Valencia CF,La Liga,24
2026-02-15T00:00:00Z,Real Madrid CF,Real Sociedad de Fútbol,La Liga,24
2026-02-15T00:00:00Z,Sevilla FC,Deportivo Alavés,La Liga,24
2026-02-15T00:00:00Z,Real Oviedo,Athletic Club,La Liga,24
2026-02-15T00:00:00Z,Rayo Vallecano de Madrid,Club Atlético de Madrid,La Liga,24
2026-02-15T00:00:00Z,Girona FC,FC Barcelona,La Liga,24
2026-02-15T00:00:00Z,RCD Mallorca,Real Betis Balompié,La Liga,24
2026-02-15T00:00:00Z,RCD Espanyol de Barcelona,RC Celta de Vigo,La Liga,24
2026-02-22T00:00:00Z,Deportivo Alavés,Girona FC,La Liga,25
2026-02-22T00:00:00Z,Athletic Club,Elche CF,La Liga,25
2026-02-22T00:00:00Z,Club Atlético de Madrid,RCD Espanyol de Barcelona,La Liga,25
2026-02-22T00:00:00Z,FC Barcelona,Levante UD,La Liga,25
2026-02-22T00:00:00Z,Real Betis Balompié,Rayo Vallecano de Madrid,La Liga,25
2026-02-22T00:00:00Z,RC Celta de Vigo,RCD Mallorca,La Liga,25
2026-02-22T00:00:00Z,Getafe CF,Sevilla FC,La Liga,25
2026-02-22T00:00:00Z,CA Osasuna,Real Madrid CF,La Liga,25
2026-02-22T00:00:00Z,Villarreal CF,Valencia CF,La Liga,25
2026-02-22T00:00:00Z,Real Sociedad de Fútbol,Real Oviedo,La Liga,25
2026-03-01T00:00:00Z,FC Barcelona,Villarreal CF,La Liga,26
2026-03-01T00:00:00Z,Real Betis Balompié,Sevilla FC,La Liga,26
2026-03-01T00:00:00Z,Elche CF,RCD Espanyol de Barcelona,La Liga,26
2026-03-01T00:00:00Z,RCD Mallorca,Real Sociedad de Fútbol,La Liga,26
2026-03-01T00:00:00Z,Levante UD,Deportivo Alavés,La Liga,26
2026-03-01T00:00:00Z,Rayo Vallecano de Madrid,Athletic Club,La Liga,26
2026-03-01T00:00:00Z,Real Oviedo,Club Atlético de Madrid,La Liga,26
2026-03-01T00:00:00Z,Girona FC,RC Celta de Vigo,La Liga,26
2026-03-01T00:00:00Z,Real Madrid CF,Getafe CF,La Liga,26
2026-03-01T00:00:00Z,Valencia CF,CA Osasuna,La Liga,26
2026-03-08T00:00:00Z,Athletic Club,FC Barcelona,La Liga,27
2026-03-08T00:00:00Z,Club Atlético de Madrid,Real Sociedad de Fútbol,La Liga,27
2026-03-08T00:00:00Z,RC Celta de Vigo,Real Madrid CF,La Liga,27
2026-03-08T00:00:00Z,RCD Espanyol de Barcelona,Real Oviedo,La Liga,27
2026-03-08T00:00:00Z,Valencia CF,Deportivo Alavés,La Liga,27
2026-03-08T00:00:00Z,Getafe CF,Real Betis Balompié,La Liga,27
2026-03-08T00:00:00Z,Villarreal CF,Elche CF,La Liga,27
2026-03-08T00:00:00Z,Levante UD,Girona FC,La Liga,27
2026-03-08T00:00:00Z,CA Osasuna,RCD Mallorca,La Liga,27
2026-03-08T00:00:00Z,Sevilla FC,Rayo Vallecano de Madrid,La Liga,27
2026-03-15T00:00:00Z,Deportivo Alavés,Villarreal CF,La Liga,28
2026-03-15T00:00:00Z,Club Atlético de Madrid,Getafe CF,La Liga,28
2026-03-15T00:00:00Z,FC Barcelona,Sevilla FC,La Liga,28
2026-03-15T00:00:00Z,Real Betis Balompié,RC Celta de Vigo,La Liga,28
2026-03-15T00:00:00Z,Real Oviedo,Valencia CF,La Liga,28
2026-03-15T00:00:00Z,Girona FC,Athletic Club,La Liga,28
2026-03-15T00:00:00Z,Real Madrid CF,Elche CF,La Liga,28
2026-03-15T00:00:00Z,RCD Mallorca,RCD Espanyol de Barcelona,La Liga,28
2026-03-15T00:00:00Z,Rayo Vallecano de Madrid,Levante UD,La Liga,28
2026-03-15T00:00:00Z,Real Sociedad de Fútbol,CA Osasuna,La Liga,28
2026-03-22T00:00:00Z,Athletic Club,Real Betis Balompié,La Liga,29
2026-03-22T00:00:00Z,FC Barcelona,Rayo Vallecano de Madrid,La Liga,29
2026-03-22T00:00:00Z,Elche CF,RCD Mallorca,La Liga,29
2026-03-22T00:00:00Z,RCD Espanyol de Barcelona,Getafe CF,La Liga,29
2026-03-22T00:00:00Z,Levante UD,Real Oviedo,La Liga,29
2026-03-22T00:00:00Z,Sevilla FC,Valencia CF,La Liga,29
2026-03-22T00:00:00Z,RC Celta de Vigo,Deportivo Alavés,La Liga,29
2026-03-22T00:00:00Z,Real Madrid CF,Club Atlético de Madrid,La Liga,29
2026-03-22T00:00:00Z,CA Osasuna,Girona FC,La Liga,29
2026-03-22T00:00:00Z,Villarreal CF,Real Sociedad de Fútbol,La Liga,29
2026-04-05T00:00:00Z,Deportivo Alavés,CA Osasuna,La Liga,30
2026-04-05T00:00:00Z,Club Atlético de Madrid,FC Barcelona,La Liga,30
2026-04-05T00:00:00Z,Real Betis Balompié,RCD Espanyol de Barcelona,La Liga,30
2026-04-05T00:00:00Z,Girona FC,Villarreal CF,La Liga,30
2026-04-05T00:00:00Z,RCD Mallorca,Real Madrid CF,La Liga,30
2026-04-05T00:00:00Z,Real Oviedo,Sevilla FC,La Liga,30
2026-04-05T00:00:00Z,Getafe CF,Athletic Club,La Liga,30
2026-04-05T00:00:00Z,Valencia CF,RC Celta de Vigo,La Liga,30
2026-04-05T00:00:00Z,Rayo Vallecano de Madrid,Elche CF,La Liga,30
2026-04-05T00:00:00Z,Real Sociedad de Fútbol,Levante UD,La Liga,30
2026-04-12T00:00:00Z,FC Barcelona,RCD Espanyol de Barcelona,La Liga,31
2026-04-12T00:00:00Z,RC Celta de Vigo,Real Oviedo,La Liga,31
2026-04-12T00:00:00Z,Elche CF,Valencia CF,La Liga,31
2026-04-12T00:00:00Z,RCD Mallorca,Rayo Vallecano de Madrid,La Liga,31
2026-04-12T00:00:00Z,Real Sociedad de Fútbol,Deportivo Alavés,La Liga,31
2026-04-12T00:00:00Z,Sevilla FC,Club Atlético de Madrid,La Liga,31
2026-04-12T00:00:00Z,CA Osasuna,Real Betis Balompié,La Liga,31
2026-04-12T00:00:00Z,Levante UD,Getafe CF,La Liga,31
2026-04-12T00:00:00Z,Real Madrid CF,Girona FC,La Liga,31
2026-04-12T00:00:00Z,Athletic Club,Villarreal CF,La Liga,31
2026-04-19T00:00:00Z,Deportivo Alavés,RCD Mallorca,La Liga,32
2026-04-19T00:00:00Z,Real Betis Balompié,Real Madrid CF,La Liga,32
2026-04-19T00:00:00Z,RCD Espanyol de Barcelona,Levante UD,La Liga,32
2026-04-19T00:00:00Z,CA Osasuna,Sevilla FC,La Liga,32
2026-04-19T00:00:00Z,Rayo Vallecano de Madrid,Real Sociedad de Fútbol,La Liga,32
2026-04-19T00:00:00Z,Club Atlético de Madrid,Athletic Club,La Liga,32
2026-04-19T00:00:00Z,Getafe CF,FC Barcelona,La Liga,32
2026-04-19T00:00:00Z,Villarreal CF,RC Celta de Vigo,La Liga,32
2026-04-19T00:00:00Z,Real Oviedo,Elche CF,La Liga,32
2026-04-19T00:00:00Z,Valencia CF,Girona FC,La Liga,32
2026-04-22T00:00:00Z,Athletic Club,CA Osasuna,La Liga,33
2026-04-22T00:00:00Z,FC Barcelona,RC Celta de Vigo,La Liga,33
2026-04-22T00:00:00Z,Levante UD,Sevilla FC,La Liga,33
2026-04-22T00:00:00Z,RCD Mallorca,Valencia CF,La Liga,33
2026-04-22T00:00:00Z,Real Oviedo,Villarreal CF,La Liga,33
2026-04-22T00:00:00Z,Real Madrid CF,Deportivo Alavés,La Liga,33
2026-04-22T00:00:00Z,Elche CF,Club Atlético de Madrid,La Liga,33
2026-04-22T00:00:00Z,Girona FC,Real Betis Balompié,La Liga,33
2026-04-22T00:00:00Z,Rayo Vallecano de Madrid,RCD Espanyol de Barcelona,La Liga,33
2026-04-22T00:00:00Z,Real Sociedad de Fútbol,Getafe CF,La Liga,33
2026-05-03T00:00:00Z,Deportivo Alavés,Athletic Club,La Liga,34
2026-05-03T00:00:00Z,Real Betis Balompié,Real Oviedo,La Liga,34
2026-05-03T00:00:00Z,RC Celta de Vigo,Elche CF,La Liga,34
2026-05-03T00:00:00Z,RCD Espanyol de Barcelona,Real Madrid CF,La Liga,34
2026-05-03T00:00:00Z,Getafe CF,Rayo Vallecano de Madrid,La Liga,34
2026-05-03T00:00:00Z,Girona FC,RCD Mallorca,La Liga,34
2026-05-03T00:00:00Z,Valencia CF,Club Atlético de Madrid,La Liga,34
2026-05-03T00:00:00Z,CA Osasuna,FC Barcelona,La Liga,34
2026-05-03T00:00:00Z,Villarreal CF,Levante UD,La Liga,34
2026-05-03T00:00:00Z,Sevilla FC,Real Sociedad de Fútbol,La Liga,34
2026-05-10T00:00:00Z,Athletic Club,Valencia CF,La Liga,35
2026-05-10T00:00:00Z,Club Atlético de Madrid,RC Celta de Vigo,La Liga,35
2026-05-10T00:00:00Z,FC Barcelona,Real Madrid CF,La Liga,35
2026-05-10T00:00:00Z,Levante UD,CA Osasuna,La Liga,35
2026-05-10T00:00:00Z,RCD Mallorca,Villarreal CF,La Liga,35
2026-05-10T00:00:00Z,Elche CF,Deportivo Alavés,La Liga,35
2026-05-10T00:00:00Z,Real Sociedad de Fútbol,Real Betis Balompié,La Liga,35
2026-05-10T00:00:00Z,Sevilla FC,RCD Espanyol de Barcelona,La Liga,35
2026-05-10T00:00:00Z,Real Oviedo,Getafe CF,La Liga,35
2026-05-10T00:00:00Z,Rayo Vallecano de Madrid,Girona FC,La Liga,35
2026-05-13T00:00:00Z,Deportivo Alavés,FC Barcelona,La Liga,36
2026-05-13T00:00:00Z,Real Betis Balompié,Elche CF,La Liga,36
2026-05-13T00:00:00Z,RC Celta de Vigo,Levante UD,La Liga,36
2026-05-13T00:00:00Z,Getafe CF,RCD Mallorca,La Liga,36
2026-05-13T00:00:00Z,Girona FC,Real Sociedad de Fútbol,La Liga,36
2026-05-13T00:00:00Z,RCD Espanyol de Barcelona,Athletic Club,La Liga,36
2026-05-13T00:00:00Z,CA Osasuna,Club Atlético de Madrid,La Liga,36
2026-05-13T00:00:00Z,Valencia CF,Rayo Vallecano de Madrid,La Liga,36
2026-05-13T00:00:00Z,Villarreal CF,Sevilla FC,La Liga,36
2026-05-13T00:00:00Z,Real Madrid CF,Real Oviedo,La Liga,36
2026-05-17T00:00:00Z,Athletic Club,RC Celta de Vigo,La Liga,37
2026-05-17T00:00:00Z,Club Atlético de Madrid,Girona FC,La Liga,37
2026-05-17T00:00:00Z,FC Barcelona,Real Betis Balompié,La Liga,37
2026-05-17T00:00:00Z,Elche CF,Getafe CF,La Liga,37
2026-05-17T00:00:00Z,Levante UD,RCD Mallorca,La Liga,37
2026-05-17T00:00:00Z,Rayo Vallecano de Madrid,Villarreal CF,La Liga,37
2026-05-17T00:00:00Z,Real Sociedad de Fútbol,Valencia CF,La Liga,37
2026-05-17T00:00:00Z,Real Oviedo,Deportivo Alavés,La Liga,37
2026-05-17T00:00:00Z,CA Osasuna,RCD Espanyol de Barcelona,La Liga,37
2026-05-17T00:00:00Z,Sevilla FC,Real Madrid CF,La Liga,37
2026-05-24T00:00:00Z,Deportivo Alavés,Rayo Vallecano de Madrid,La Liga,38
2026-05-24T00:00:00Z,Real Betis Balompié,Levante UD,La Liga,38
2026-05-24T00:00:00Z,RC Celta de Vigo,Sevilla FC,La Liga,38
2026-05-24T00:00:00Z,RCD Espanyol de Barcelona,Real Sociedad de Fútbol,La Liga,38
2026-05-24T00:00:00Z,Getafe CF,CA Osasuna,La Liga,38
2026-05-24T00:00:00Z,RCD Mallorca,Real Oviedo,La Liga,38
2026-05-24T00:00:00Z,Real Madrid CF,Athletic Club,La Liga,38
2026-05-24T00:00:00Z,Villarreal CF,Club Atlético de Madrid,La Liga,38
2026-05-24T00:00:00Z,Valencia CF,FC Barcelona,La Liga,38
2026-05-24T00:00:00Z,Girona FC,Elche CF,La Liga,38
2026-12-02T20:00:00Z,FC Barcelona,Club Atlético de Madrid,La Liga,19
2026-12-03T18:00:00Z,Athletic Club,Real Madrid CF,La Liga,19
2025-11-02T14:30:00Z,1. FC Köln,Hamburger SV,Bundesliga,9
2025-11-02T16:30:00Z,VfL Wolfsburg,TSG 1899 Hoffenheim,Bundesliga,9
2025-11-07T19:30:00Z,SV Werder Bremen,VfL Wolfsburg,Bundesliga,10
2025-11-08T14:30:00Z,Bayer 04 Leverkusen,1. FC Heidenheim 1846,Bundesliga,10
2025-11-08T14:30:00Z,1. FC Union Berlin,FC Bayern München,Bundesliga,10
2025-11-08T14:30:00Z,TSG 1899 Hoffenheim,RB Leipzig,Bundesliga,10
2025-11-08T14:30:00Z,Hamburger SV,Borussia Dortmund,Bundesliga,10
2025-11-08T17:30:00Z,Borussia Mönchengladbach,1. FC Köln,Bundesliga,10
2025-11-09T14:30:00Z,SC Freiburg,FC St. Pauli 1910,Bundesliga,10
2025-11-09T16:30:00Z,VfB Stuttgart,FC Augsburg,Bundesliga,10
2025-11-09T18:30:00Z,Eintracht Frankfurt,1. FSV Mainz 05,Bundesliga,10
2025-11-21T19:30:00Z,1. FSV Mainz 05,TSG 1899 Hoffenheim,Bundesliga,11
2025-11-22T14:30:00Z,FC Bayern München,SC Freiburg,Bundesliga,11
2025-11-22T14:30:00Z,Borussia Dortmund,VfB Stuttgart,Bundesliga,11
2025-11-22T14:30:00Z,VfL Wolfsburg,Bayer 04 Leverkusen,Bundesliga,11
2025-11-22T14:30:00Z,FC Augsburg,Hamburger SV,Bundesliga,11
2025-11-22T14:30:00Z,1. FC Heidenheim 1846,Borussia Mönchengladbach,Bundesliga,11
2025-11-22T17:30:00Z,1. FC Köln,Eintracht Frankfurt,Bundesliga,11
2025-11-23T14:30:00Z,RB Leipzig,SV Werder Bremen,Bundesliga,11
2025-11-23T16:30:00Z,FC St. Pauli 1910,1. FC Union Berlin,Bundesliga,11
2025-11-28T19:30:00Z,Borussia Mönchengladbach,RB Leipzig,Bundesliga,12
2025-11-29T14:30:00Z,FC Bayern München,FC St. Pauli 1910,Bundesliga,12
2025-11-29T14:30:00Z,SV Werder Bremen,1. FC Köln,Bundesliga,12
2025-11-29T14:30:00Z,1. FC Union Berlin,1. FC Heidenheim 1846,Bundesliga,12
2025-11-29T14:30:00Z,TSG 1899 Hoffenheim,FC Augsburg,Bundesliga,12
2025-11-29T17:30:00Z,Bayer 04 Leverkusen,Borussia Dortmund,Bundesliga,12
2025-11-30T14:30:00Z,Hamburger SV,VfB Stuttgart,Bundesliga,12
2025-11-30T16:30:00Z,Eintracht Frankfurt,VfL Wolfsburg,Bundesliga,12
2025-11-30T18:30:00Z,SC Freiburg,1. FSV Mainz 05,Bundesliga,12
2025-12-06T00:00:00Z,Borussia Dortmund,TSG 1899 Hoffenheim,Bundesliga,13
2025-12-06T00:00:00Z,1. FSV Mainz 05,Borussia Mönchengladbach,Bundesliga,13
2025-12-06T00:00:00Z,RB Leipzig,Eintracht Frankfurt,Bundesliga,13
2025-12-06T00:00:00Z,VfB Stuttgart,FC Bayern München,Bundesliga,13
2025-12-06T00:00:00Z,VfL Wolfsburg,1. FC Union Berlin,Bundesliga,13
2025-12-06T00:00:00Z,1. FC Heidenheim 1846,SC Freiburg,Bundesliga,13
2025-12-06T00:00:00Z,1. FC Köln,FC St. Pauli 1910,Bundesliga,13
2025-12-06T00:00:00Z,Hamburger SV,SV Werder Bremen,Bundesliga,13
2025-12-06T00:00:00Z,FC Augsburg,Bayer 04 Leverkusen,Bundesliga,13
2025-12-13T00:00:00Z,FC Bayern München,1. FSV Mainz 05,Bundesliga,14
2025-12-13T00:00:00Z,Bayer 04 Leverkusen,1. FC Köln,Bundesliga,14
2025-12-13T00:00:00Z,Eintracht Frankfurt,FC Augsburg,Bundesliga,14
2025-12-13T00:00:00Z,SC Freiburg,Borussia Dortmund,Bundesliga,14
2025-12-13T00:00:00Z,SV Werder Bremen,VfB Stuttgart,Bundesliga,14
2025-12-13T00:00:00Z,Borussia Mönchengladbach,VfL Wolfsburg,Bundesliga,14
2025-12-13T00:00:00Z,1. FC Union Berlin,RB Leipzig,Bundesliga,14
2025-12-13T00:00:00Z,FC St. Pauli 1910,1. FC Heidenheim 1846,Bundesliga,14
2025-12-13T00:00:00Z,TSG 1899 Hoffenheim,Hamburger SV,Bundesliga,14
2025-12-20T00:00:00Z,Borussia Dortmund,Borussia Mönchengladbach,Bundesliga,15
2025-12-20T00:00:00Z,1. FSV Mainz 05,FC St. Pauli 1910,Bundesliga,15
2025-12-20T00:00:00Z,RB Leipzig,Bayer 04 Leverkusen,Bundesliga,15
2025-12-20T00:00:00Z,VfB Stuttgart,TSG 1899 Hoffenheim,Bundesliga,15
2025-12-20T00:00:00Z,VfL Wolfsburg,SC Freiburg,Bundesliga,15
2025-12-20T00:00:00Z,FC Augsburg,SV Werder Bremen,Bundesliga,15
2025-12-20T00:00:00Z,1. FC Heidenheim 1846,FC Bayern München,Bundesliga,15
2025-12-20T00:00:00Z,1. FC Köln,1. FC Union Berlin,Bundesliga,15
2025-12-20T00:00:00Z,Hamburger SV,Eintracht Frankfurt,Bundesliga,15
2026-01-10T00:00:00Z,FC Bayern München,VfL Wolfsburg,Bundesliga,16
2026-01-10T00:00:00Z,Bayer 04 Leverkusen,VfB Stuttgart,Bundesliga,16
2026-01-10T00:00:00Z,Eintracht Frankfurt,Borussia Dortmund,Bundesliga,16
2026-01-10T00:00:00Z,SC Freiburg,Hamburger SV,Bundesliga,16
2026-01-10T00:00:00Z,SV Werder Bremen,TSG 1899 Hoffenheim,Bundesliga,16
2026-01-10T00:00:00Z,Borussia Mönchengladbach,FC Augsburg,Bundesliga,16
2026-01-10T00:00:00Z,1. FC Union Berlin,1. FSV Mainz 05,Bundesliga,16
2026-01-10T00:00:00Z,FC St. Pauli 1910,RB Leipzig,Bundesliga,16
2026-01-10T00:00:00Z,1. FC Heidenheim 1846,1. FC Köln,Bundesliga,16
2026-01-13T00:00:00Z,Borussia Dortmund,SV Werder Bremen,Bundesliga,17
2026-01-13T00:00:00Z,1. FSV Mainz 05,1. FC Heidenheim 1846,Bundesliga,17
2026-01-13T00:00:00Z,RB Leipzig,SC Freiburg,Bundesliga,17
2026-01-13T00:00:00Z,VfB Stuttgart,Eintracht Frankfurt,Bundesliga,17
2026-01-13T00:00:00Z,VfL Wolfsburg,FC St. Pauli 1910,Bundesliga,17
2026-01-13T00:00:00Z,FC Augsburg,1. FC Union Berlin,Bundesliga,17
2026-01-13T00:00:00Z,TSG 1899 Hoffenheim,Borussia Mönchengladbach,Bundesliga,17
2026-01-13T00:00:00Z,1. FC Köln,FC Bayern München,Bundesliga,17
2026-01-13T00:00:00Z,Hamburger SV,Bayer 04 Leverkusen,Bundesliga,17
2026-01-17T00:00:00Z,RB Leipzig,FC Bayern München,Bundesliga,18
2026-01-17T00:00:00Z,SV Werder Bremen,Eintracht Frankfurt,Bundesliga,18
2026-01-17T00:00:00Z,TSG 1899 Hoffenheim,Bayer 04 Leverkusen,Bundesliga,18
2026-01-17T00:00:00Z,FC Augsburg,SC Freiburg,Bundesliga,18
2026-01-17T00:00:00Z,1. FC Köln,1. FSV Mainz 05,Bundesliga,18
2026-01-17T00:00:00Z,Hamburger SV,Borussia Mönchengladbach,Bundesliga,18
2026-01-17T00:00:00Z,VfB Stuttgart,1. FC Union Berlin,Bundesliga,18
2026-01-17T00:00:00Z,Borussia Dortmund,FC St. Pauli 1910,Bundesliga,18
2026-01-17T00:00:00Z,VfL Wolfsburg,1. FC Heidenheim 1846,Bundesliga,18
2026-01-24T00:00:00Z,1. FC Union Berlin,Borussia Dortmund,Bundesliga,19
2026-01-24T00:00:00Z,1. FC Heidenheim 1846,RB Leipzig,Bundesliga,19
2026-01-24T00:00:00Z,Bayer 04 Leverkusen,SV Werder Bremen,Bundesliga,19
2026-01-24T00:00:00Z,Borussia Mönchengladbach,VfB Stuttgart,Bundesliga,19
2026-01-24T00:00:00Z,1. FSV Mainz 05,VfL Wolfsburg,Bundesliga,19
2026-01-24T00:00:00Z,FC Bayern München,FC Augsburg,Bundesliga,19
2026-01-24T00:00:00Z,Eintracht Frankfurt,TSG 1899 Hoffenheim,Bundesliga,19
2026-01-24T00:00:00Z,SC Freiburg,1. FC Köln,Bundesliga,19
2026-01-24T00:00:00Z,FC St. Pauli 1910,Hamburger SV,Bundesliga,19
2026-01-31T00:00:00Z,Hamburger SV,FC Bayern München,Bundesliga,20
2026-01-31T00:00:00Z,Eintracht Frankfurt,Bayer 04 Leverkusen,Bundesliga,20
2026-01-31T00:00:00Z,VfB Stuttgart,SC Freiburg,Bundesliga,20
2026-01-31T00:00:00Z,RB Leipzig,1. FSV Mainz 05,Bundesliga,20
2026-01-31T00:00:00Z,SV Werder Bremen,Borussia Mönchengladbach,Bundesliga,20
2026-01-31T00:00:00Z,1. FC Köln,VfL Wolfsburg,Bundesliga,20
2026-01-31T00:00:00Z,TSG 1899 Hoffenheim,1. FC Union Berlin,Bundesliga,20
2026-01-31T00:00:00Z,FC Augsburg,FC St. Pauli 1910,Bundesliga,20
2026-01-31T00:00:00Z,Borussia Dortmund,1. FC Heidenheim 1846,Bundesliga,20
2026-02-07T00:00:00Z,Borussia Mönchengladbach,Bayer 04 Leverkusen,Bundesliga,21
2026-02-07T00:00:00Z,1. FC Union Berlin,Eintracht Frankfurt,Bundesliga,21
2026-02-07T00:00:00Z,VfL Wolfsburg,Borussia Dortmund,Bundesliga,21
2026-02-07T00:00:00Z,1. FC Köln,RB Leipzig,Bundesliga,21
2026-02-07T00:00:00Z,SC Freiburg,SV Werder Bremen,Bundesliga,21
2026-02-07T00:00:00Z,FC St. Pauli 1910,VfB Stuttgart,Bundesliga,21
2026-02-07T00:00:00Z,1. FSV Mainz 05,FC Augsburg,Bundesliga,21
2026-02-07T00:00:00Z,FC Bayern München,TSG 1899 Hoffenheim,Bundesliga,21
2026-02-07T00:00:00Z,1. FC Heidenheim 1846,Hamburger SV,Bundesliga,21
2026-02-14T00:00:00Z,SV Werder Bremen,FC Bayern München,Bundesliga,22
2026-02-14T00:00:00Z,TSG 1899 Hoffenheim,SC Freiburg,Bundesliga,22
2026-02-14T00:00:00Z,Borussia Dortmund,1. FSV Mainz 05,Bundesliga,22
2026-02-14T00:00:00Z,Eintracht Frankfurt,Borussia Mönchengladbach,Bundesliga,22
2026-02-14T00:00:00Z,RB Leipzig,VfL Wolfsburg,Bundesliga,22
2026-02-14T00:00:00Z,Hamburger SV,1. FC Union Berlin,Bundesliga,22
2026-02-14T00:00:00Z,Bayer 04 Leverkusen,FC St. Pauli 1910,Bundesliga,22
2026-02-14T00:00:00Z,FC Augsburg,1. FC Heidenheim 1846,Bundesliga,22
2026-02-14T00:00:00Z,VfB Stuttgart,1. FC Köln,Bundesliga,22
2026-02-21T00:00:00Z,1. FC Union Berlin,Bayer 04 Leverkusen,Bundesliga,23
2026-02-21T00:00:00Z,FC Bayern München,Eintracht Frankfurt,Bundesliga,23
2026-02-21T00:00:00Z,RB Leipzig,Borussia Dortmund,Bundesliga,23
2026-02-21T00:00:00Z,FC St. Pauli 1910,SV Werder Bremen,Bundesliga,23
2026-02-21T00:00:00Z,1. FC Heidenheim 1846,VfB Stuttgart,Bundesliga,23
2026-02-21T00:00:00Z,SC Freiburg,Borussia Mönchengladbach,Bundesliga,23
2026-02-21T00:00:00Z,VfL Wolfsburg,FC Augsburg,Bundesliga,23
2026-02-21T00:00:00Z,1. FC Köln,TSG 1899 Hoffenheim,Bundesliga,23
2026-02-21T00:00:00Z,1. FSV Mainz 05,Hamburger SV,Bundesliga,23
2026-02-28T00:00:00Z,Borussia Dortmund,FC Bayern München,Bundesliga,24
2026-02-28T00:00:00Z,Eintracht Frankfurt,SC Freiburg,Bundesliga,24
2026-02-28T00:00:00Z,Bayer 04 Leverkusen,1. FSV Mainz 05,Bundesliga,24
2026-02-28T00:00:00Z,Hamburger SV,RB Leipzig,Bundesliga,24
2026-02-28T00:00:00Z,VfB Stuttgart,VfL Wolfsburg,Bundesliga,24
2026-02-28T00:00:00Z,Borussia Mönchengladbach,1. FC Union Berlin,Bundesliga,24
2026-02-28T00:00:00Z,TSG 1899 Hoffenheim,FC St. Pauli 1910,Bundesliga,24
2026-02-28T00:00:00Z,SV Werder Bremen,1. FC Heidenheim 1846,Bundesliga,24
2026-02-28T00:00:00Z,FC Augsburg,1. FC Köln,Bundesliga,24
2026-03-07T00:00:00Z,SC Freiburg,Bayer 04 Leverkusen,Bundesliga,25
2026-03-07T00:00:00Z,FC St. Pauli 1910,Eintracht Frankfurt,Bundesliga,25
2026-03-07T00:00:00Z,1. FC Köln,Borussia Dortmund,Bundesliga,25
2026-03-07T00:00:00Z,1. FC Union Berlin,SV Werder Bremen,Bundesliga,25
2026-03-07T00:00:00Z,1. FSV Mainz 05,VfB Stuttgart,Bundesliga,25
2026-03-07T00:00:00Z,FC Bayern München,Borussia Mönchengladbach,Bundesliga,25
2026-03-07T00:00:00Z,RB Leipzig,FC Augsburg,Bundesliga,25
2026-03-07T00:00:00Z,1. FC Heidenheim 1846,TSG 1899 Hoffenheim,Bundesliga,25
2026-03-07T00:00:00Z,VfL Wolfsburg,Hamburger SV,Bundesliga,25
2026-03-14T00:00:00Z,Bayer 04 Leverkusen,FC Bayern München,Bundesliga,26
2026-03-14T00:00:00Z,SV Werder Bremen,1. FSV Mainz 05,Bundesliga,26
2026-03-14T00:00:00Z,VfB Stuttgart,RB Leipzig,Bundesliga,26
2026-03-14T00:00:00Z,TSG 1899 Hoffenheim,VfL Wolfsburg,Bundesliga,26
2026-03-14T00:00:00Z,Borussia Dortmund,FC Augsburg,Bundesliga,26
2026-03-14T00:00:00Z,SC Freiburg,1. FC Union Berlin,Bundesliga,26
2026-03-14T00:00:00Z,Borussia Mönchengladbach,FC St. Pauli 1910,Bundesliga,26
2026-03-14T00:00:00Z,Eintracht Frankfurt,1. FC Heidenheim 1846,Bundesliga,26
2026-03-14T00:00:00Z,Hamburger SV,1. FC Köln,Bundesliga,26
2026-03-21T00:00:00Z,1. FC Heidenheim 1846,Bayer 04 Leverkusen,Bundesliga,27
2026-03-21T00:00:00Z,1. FSV Mainz 05,Eintracht Frankfurt,Bundesliga,27
2026-03-21T00:00:00Z,FC St. Pauli 1910,SC Freiburg,Bundesliga,27
2026-03-21T00:00:00Z,VfL Wolfsburg,SV Werder Bremen,Bundesliga,27
2026-03-21T00:00:00Z,FC Augsburg,VfB Stuttgart,Bundesliga,27
2026-03-21T00:00:00Z,1. FC Köln,Borussia Mönchengladbach,Bundesliga,27
2026-03-21T00:00:00Z,FC Bayern München,1. FC Union Berlin,Bundesliga,27
2026-03-21T00:00:00Z,RB Leipzig,TSG 1899 Hoffenheim,Bundesliga,27
2026-03-21T00:00:00Z,Borussia Dortmund,Hamburger SV,Bundesliga,27
2026-04-05T00:00:00Z,SC Freiburg,FC Bayern München,Bundesliga,28
2026-04-05T00:00:00Z,VfB Stuttgart,Borussia Dortmund,Bundesliga,28
2026-04-05T00:00:00Z,TSG 1899 Hoffenheim,1. FSV Mainz 05,Bundesliga,28
2026-04-05T00:00:00Z,SV Werder Bremen,RB Leipzig,Bundesliga,28
2026-04-05T00:00:00Z,Bayer 04 Leverkusen,VfL Wolfsburg,Bundesliga,28
2026-04-05T00:00:00Z,Hamburger SV,FC Augsburg,Bundesliga,28
2026-04-05T00:00:00Z,1. FC Union Berlin,FC St. Pauli 1910,Bundesliga,28
2026-04-05T00:00:00Z,Borussia Mönchengladbach,1. FC Heidenheim 1846,Bundesliga,28
2026-04-05T00:00:00Z,Eintracht Frankfurt,1. FC Köln,Bundesliga,28
2026-04-11T00:00:00Z,FC St. Pauli 1910,FC Bayern München,Bundesliga,29
2026-04-11T00:00:00Z,Borussia Dortmund,Bayer 04 Leverkusen,Bundesliga,29
2026-04-11T00:00:00Z,VfL Wolfsburg,Eintracht Frankfurt,Bundesliga,29
2026-04-11T00:00:00Z,1. FSV Mainz 05,SC Freiburg,Bundesliga,29
2026-04-11T00:00:00Z,1. FC Köln,SV Werder Bremen,Bundesliga,29
2026-04-11T00:00:00Z,RB Leipzig,Borussia Mönchengladbach,Bundesliga,29
2026-04-11T00:00:00Z,1. FC Heidenheim 1846,1. FC Union Berlin,Bundesliga,29
2026-04-11T00:00:00Z,FC Augsburg,TSG 1899 Hoffenheim,Bundesliga,29
2026-04-11T00:00:00Z,VfB Stuttgart,Hamburger SV,Bundesliga,29
2026-04-18T00:00:00Z,SC Freiburg,1. FC Heidenheim 1846,Bundesliga,30
2026-04-18T00:00:00Z,FC St. Pauli 1910,1. FC Köln,Bundesliga,30
2026-04-18T00:00:00Z,SV Werder Bremen,Hamburger SV,Bundesliga,30
2026-04-18T00:00:00Z,Bayer 04 Leverkusen,FC Augsburg,Bundesliga,30
2026-04-18T00:00:00Z,TSG 1899 Hoffenheim,Borussia Dortmund,Bundesliga,30
2026-04-18T00:00:00Z,Borussia Mönchengladbach,1. FSV Mainz 05,Bundesliga,30
2026-04-18T00:00:00Z,Eintracht Frankfurt,RB Leipzig,Bundesliga,30
2026-04-18T00:00:00Z,FC Bayern München,VfB Stuttgart,Bundesliga,30
2026-04-18T00:00:00Z,1. FC Union Berlin,VfL Wolfsburg,Bundesliga,30
2026-04-25T00:00:00Z,1. FSV Mainz 05,FC Bayern München,Bundesliga,31
2026-04-25T00:00:00Z,1. FC Köln,Bayer 04 Leverkusen,Bundesliga,31
2026-04-25T00:00:00Z,FC Augsburg,Eintracht Frankfurt,Bundesliga,31
2026-04-25T00:00:00Z,Borussia Dortmund,SC Freiburg,Bundesliga,31
2026-04-25T00:00:00Z,VfB Stuttgart,SV Werder Bremen,Bundesliga,31
2026-04-25T00:00:00Z,VfL Wolfsburg,Borussia Mönchengladbach,Bundesliga,31
2026-04-25T00:00:00Z,RB Leipzig,1. FC Union Berlin,Bundesliga,31
2026-04-25T00:00:00Z,1. FC Heidenheim 1846,FC St. Pauli 1910,Bundesliga,31
2026-04-25T00:00:00Z,Hamburger SV,TSG 1899 Hoffenheim,Bundesliga,31
2026-05-03T00:00:00Z,Borussia Mönchengladbach,Borussia Dortmund,Bundesliga,32
2026-05-03T00:00:00Z,FC St. Pauli 1910,1. FSV Mainz 05,Bundesliga,32
2026-05-03T00:00:00Z,Bayer 04 Leverkusen,RB Leipzig,Bundesliga,32
2026-05-03T00:00:00Z,TSG 1899 Hoffenheim,VfB Stuttgart,Bundesliga,32
2026-05-03T00:00:00Z,SC Freiburg,VfL Wolfsburg,Bundesliga,32
2026-05-03T00:00:00Z,SV Werder Bremen,FC Augsburg,Bundesliga,32
2026-05-03T00:00:00Z,FC Bayern München,1. FC Heidenheim 1846,Bundesliga,32
2026-05-03T00:00:00Z,1. FC Union Berlin,1. FC Köln,Bundesliga,32
2026-05-03T00:00:00Z,Eintracht Frankfurt,Hamburger SV,Bundesliga,32
2026-05-09T00:00:00Z,VfL Wolfsburg,FC Bayern München,Bundesliga,33
2026-05-09T00:00:00Z,VfB Stuttgart,Bayer 04 Leverkusen,Bundesliga,33
2026-05-09T00:00:00Z,Borussia Dortmund,Eintracht Frankfurt,Bundesliga,33
2026-05-09T00:00:00Z,Hamburger SV,SC Freiburg,Bundesliga,33
2026-05-09T00:00:00Z,TSG 1899 Hoffenheim,SV Werder Bremen,Bundesliga,33
2026-05-09T00:00:00Z,FC Augsburg,Borussia Mönchengladbach,Bundesliga,33
2026-05-09T00:00:00Z,1. FSV Mainz 05,1. FC Union Berlin,Bundesliga,33
2026-05-09T00:00:00Z,RB Leipzig,FC St. Pauli 1910,Bundesliga,33
2026-05-09T00:00:00Z,1. FC Köln,1. FC Heidenheim 1846,Bundesliga,33
2026-05-16T13:30:00Z,SV Werder Bremen,Borussia Dortmund,Bundesliga,34
2026-05-16T13:30:00Z,1. FC Heidenheim 1846,1. FSV Mainz 05,Bundesliga,34
2026-05-16T13:30:00Z,SC Freiburg,RB Leipzig,Bundesliga,34
2026-05-16T13:30:00Z,Eintracht Frankfurt,VfB Stuttgart,Bundesliga,34
2026-05-16T13:30:00Z,FC St. Pauli 1910,VfL Wolfsburg,Bundesliga,34
2026-05-16T13:30:00Z,1. FC Union Berlin,FC Augsburg,Bundesliga,34
2026-05-16T13:30:00Z,Borussia Mönchengladbach,TSG 1899 Hoffenheim,Bundesliga,34
2026-05-16T13:30:00Z,FC Bayern München,1. FC Köln,Bundesliga,34
2026-05-16T13:30:00Z,Bayer 04 Leverkusen,Hamburger SV,Bundesliga,34
