Date,Time,Matchweek,League,Home_Team,Away_Team,Predicted_Result,Prob_Home_Win,Prob_Draw,Prob_Away_Win
2025-12-02,19:30,14,Premier League,Bournemouth,Everton,Home Win,0.4038207,0.25136188,0.34481743
2025-12-02,19:30,14,Premier League,Fulham,Manchester City,Away Win,0.23191102,0.23290256,0.5351864
2025-12-02,20:15,14,Premier League,Newcastle,Tottenham,Home Win,0.46584934,0.24736856,0.28678212
2025-12-03,19:30,14,Premier League,Brighton,Aston Villa,Away Win,0.3092387,0.24693383,0.44382748
2025-12-03,19:30,14,Premier League,Arsenal,Brentford,Home Win,0.6085298,0.21716358,0.17430663
2025-12-03,19:30,14,Premier League,Burnley,Crystal Palace,Away Win,0.26006576,0.23985222,0.500082
2025-12-03,19:30,14,Premier League,Wolves,Nott'm Forest,Away Win,0.32494715,0.24943572,0.4256171
2025-12-03,20:15,14,Premier League,Liverpool,Sunderland,Home Win,0.5312338,0.23718284,0.23158337
2025-12-03,20:15,14,Premier League,Leeds,Chelsea,Away Win,0.22856154,0.23173726,0.53970116
2025-12-04,20:00,14,Premier League,Manchester Utd,West Ham,Home Win,0.5083719,0.24158986,0.2500383
2025-12-06,12:30,15,Premier League,Aston Villa,Arsenal,Away Win,0.3536823,0.2513411,0.3949766
2025-12-06,15:00,15,Premier League,Bournemouth,Chelsea,Away Win,0.2877976,0.24439733,0.46780512
2025-12-06,15:00,15,Premier League,Everton,Nott'm Forest,Home Win,0.5570925,0.23168668,0.21122085
2025-12-06,15:00,15,Premier League,Manchester City,Sunderland,Home Win,0.68047076,0.1923501,0.12717916
2025-12-06,15:00,15,Premier League,Newcastle,Burnley,Home Win,0.523195,0.23903377,0.23777118
2025-12-06,15:00,15,Premier League,Tottenham,Brentford,Away Win,0.31876317,0.24821801,0.43301877
2025-12-06,17:30,15,Premier League,Leeds,Liverpool,Away Win,0.26739258,0.24127641,0.491331
2025-12-07,14:00,15,Premier League,Brighton,West Ham,Home Win,0.59747696,0.22050853,0.18201445
2025-12-07,16:30,15,Premier League,Fulham,Crystal Palace,Away Win,0.26461786,0.24081783,0.49456432
2025-12-08,20:00,15,Premier League,Wolves,Manchester Utd,Away Win,0.28758788,0.24502106,0.4673911
2025-12-13,15:00,16,Premier League,Chelsea,Everton,Home Win,0.51927316,0.23975132,0.24097547
2025-12-13,15:00,16,Premier League,Liverpool,Brighton,Away Win,0.31940812,0.24850042,0.43209147
2025-12-13,17:30,16,Premier League,Burnley,Fulham,Away Win,0.3389741,0.25025314,0.4107728
2025-12-13,20:00,16,Premier League,Arsenal,Wolves,Home Win,0.75453687,0.16111143,0.084351696
2025-12-14,14:00,16,Premier League,Sunderland,Newcastle,Away Win,0.31640905,0.24829797,0.435293
2025-12-14,14:00,16,Premier League,Crystal Palace,Manchester City,Away Win,0.32921878,0.24902692,0.42175427
2025-12-14,14:00,16,Premier League,Nott'm Forest,Tottenham,Home Win,0.38780016,0.2516619,0.36053795
2025-12-14,14:00,16,Premier League,West Ham,Aston Villa,Away Win,0.23191787,0.23280664,0.5352755
2025-12-14,16:30,16,Premier League,Brentford,Leeds,Home Win,0.6214644,0.21308926,0.1654464
2025-12-15,20:00,16,Premier League,Manchester Utd,Bournemouth,Away Win,0.35410982,0.2506245,0.3952657
2025-12-20,12:30,17,Premier League,Newcastle,Chelsea,Away Win,0.24283025,0.23552008,0.52164966
2025-12-20,15:00,17,Premier League,Bournemouth,Burnley,Home Win,0.55427647,0.2324076,0.21331595
2025-12-20,15:00,17,Premier League,Brighton,Sunderland,Home Win,0.61004156,0.21669683,0.17326155
2025-12-20,15:00,17,Premier League,Manchester City,West Ham,Home Win,0.6607267,0.19968808,0.13958523
2025-12-20,15:00,17,Premier League,Wolves,Brentford,Away Win,0.272468,0.24244232,0.48508972
2025-12-20,17:30,17,Premier League,Tottenham,Liverpool,Away Win,0.34373593,0.25054738,0.40571666
2025-12-20,20:00,17,Premier League,Everton,Arsenal,Away Win,0.25983438,0.23958866,0.500577
2025-12-20,20:00,17,Premier League,Leeds,Crystal Palace,Away Win,0.26579735,0.24106982,0.49313283
2025-12-21,16:30,17,Premier League,Aston Villa,Manchester Utd,Home Win,0.5957679,0.22101553,0.18321654
2025-12-22,20:00,17,Premier League,Fulham,Nott'm Forest,Home Win,0.37836817,0.2518793,0.3697525
2025-12-26,20:00,18,Premier League,Manchester Utd,Newcastle,Home Win,0.41015193,0.25117692,0.33867115
2025-12-27,12:30,18,Premier League,Nott'm Forest,Manchester City,Away Win,0.23725949,0.2342848,0.5284557
2025-12-27,15:00,18,Premier League,Arsenal,Brighton,Home Win,0.58425957,0.2243556,0.19138479
2025-12-27,15:00,18,Premier League,Brentford,Bournemouth,Home Win,0.41792384,0.25076997,0.33130616
2025-12-27,15:00,18,Premier League,Burnley,Everton,Away Win,0.25939122,0.23957616,0.5010326
2025-12-27,15:00,18,Premier League,Liverpool,Wolves,Home Win,0.60172915,0.21924107,0.17902978
2025-12-27,15:00,18,Premier League,West Ham,Fulham,Away Win,0.36715236,0.25183177,0.3810158
2025-12-27,17:30,18,Premier League,Chelsea,Aston Villa,Home Win,0.3820878,0.25164223,0.36626995
2025-12-28,14:00,18,Premier League,Sunderland,Leeds,Home Win,0.4920105,0.24420136,0.26378816
2025-12-28,16:30,18,Premier League,Crystal Palace,Tottenham,Home Win,0.6021358,0.2191142,0.17875001
2025-12-30,19:30,19,Premier League,Burnley,Newcastle,Away Win,0.2836043,0.2438448,0.4725509
2025-12-30,19:30,19,Premier League,Chelsea,Bournemouth,Home Win,0.53475815,0.23661403,0.22862779
2025-12-30,19:30,19,Premier League,Nott'm Forest,Everton,Away Win,0.28123507,0.24370955,0.47505534
2025-12-30,19:30,19,Premier League,West Ham,Brighton,Away Win,0.24348515,0.236096,0.5204189
2025-12-30,20:15,19,Premier League,Arsenal,Aston Villa,Home Win,0.5246707,0.23849964,0.23682967
2025-12-30,20:15,19,Premier League,Manchester Utd,Wolves,Home Win,0.60586625,0.21798107,0.17615272
2026-01-01,17:30,19,Premier League,Crystal Palace,Fulham,Home Win,0.6145437,0.21529207,0.17016426
2026-01-01,17:30,19,Premier League,Liverpool,Leeds,Home Win,0.592035,0.2221148,0.18585022
2026-01-01,20:00,19,Premier League,Sunderland,Manchester City,Away Win,0.23763666,0.23429894,0.5280644
2026-01-01,20:00,19,Premier League,Brentford,Tottenham,Home Win,0.51481384,0.24066775,0.24451841
2026-01-03,12:30,20,Premier League,Aston Villa,Nott'm Forest,Home Win,0.62114304,0.21319194,0.16566506
2026-01-03,15:00,20,Premier League,Brighton,Burnley,Home Win,0.6163808,0.21471035,0.16890876
2026-01-03,15:00,20,Premier League,Wolves,West Ham,Away Win,0.33195645,0.24988776,0.41815576
2026-01-03,17:30,20,Premier League,Bournemouth,Arsenal,Away Win,0.2495402,0.2373386,0.5131212
2026-01-04,12:30,20,Premier League,Leeds,Manchester Utd,Away Win,0.28311992,0.24407643,0.47280362
2026-01-04,15:00,20,Premier League,Everton,Brentford,Home Win,0.4491642,0.24855089,0.30228487
2026-01-04,15:00,20,Premier League,Fulham,Liverpool,Away Win,0.30961794,0.24782506,0.442557
2026-01-04,15:00,20,Premier League,Newcastle,Crystal Palace,Away Win,0.30455598,0.24717031,0.44827366
2026-01-04,15:00,20,Premier League,Tottenham,Sunderland,Home Win,0.47288874,0.24611104,0.28100023
2026-01-04,17:30,20,Premier League,Manchester City,Chelsea,Home Win,0.5333901,0.23698375,0.22962613
2026-01-06,20:00,21,Premier League,West Ham,Nott'm Forest,Away Win,0.37302175,0.25188556,0.37509263
2026-01-07,19:30,21,Premier League,Bournemouth,Tottenham,Home Win,0.5059677,0.2422022,0.25183013
2026-01-07,19:30,21,Premier League,Crystal Palace,Aston Villa,Away Win,0.36024475,0.25067282,0.3890825
2026-01-07,19:30,21,Premier League,Brentford,Sunderland,Home Win,0.55026793,0.23317969,0.21655239
2026-01-07,19:30,21,Premier League,Everton,Wolves,Home Win,0.65471226,0.20184281,0.143445
2026-01-07,19:30,21,Premier League,Fulham,Chelsea,Away Win,0.22658482,0.23124352,0.54217166
2026-01-07,19:30,21,Premier League,Manchester City,Brighton,Home Win,0.5574881,0.23158936,0.21092255
2026-01-07,20:15,21,Premier League,Burnley,Manchester Utd,Away Win,0.3003143,0.24656978,0.4531159
2026-01-07,20:15,21,Premier League,Newcastle,Leeds,Home Win,0.5858264,0.2239059,0.19026768
2026-01-08,20:00,21,Premier League,Arsenal,Liverpool,Home Win,0.6489978,0.20385608,0.14714614
2026-01-17,12:30,22,Premier League,Manchester Utd,Manchester City,Away Win,0.24170603,0.2353115,0.5229824
2026-01-17,15:00,22,Premier League,Sunderland,Crystal Palace,Away Win,0.26995283,0.24179675,0.4882504
2026-01-17,15:00,22,Premier League,Chelsea,Brentford,Home Win,0.5125471,0.24057068,0.24688224
2026-01-17,15:00,22,Premier League,Liverpool,Burnley,Home Win,0.53497237,0.23672825,0.22829941
2026-01-17,15:00,22,Premier League,Leeds,Fulham,Away Win,0.30309778,0.24703541,0.44986683
2026-01-17,15:00,22,Premier League,Tottenham,West Ham,Home Win,0.46951693,0.24691224,0.28357083
2026-01-17,17:30,22,Premier League,Nott'm Forest,Arsenal,Away Win,0.22533195,0.23081344,0.5438546
2026-01-18,14:00,22,Premier League,Wolves,Newcastle,Away Win,0.2631813,0.2403624,0.4964563
2026-01-18,16:30,22,Premier League,Aston Villa,Everton,Home Win,0.5510514,0.23317403,0.2157746
2026-01-19,20:00,22,Premier League,Brighton,Bournemouth,Home Win,0.5111935,0.24102728,0.24777919
2026-01-24,12:30,23,Premier League,West Ham,Sunderland,Home Win,0.4013139,0.2509598,0.34772623
2026-01-24,15:00,23,Premier League,Burnley,Tottenham,Away Win,0.32854655,0.24947645,0.42197704
2026-01-24,15:00,23,Premier League,Fulham,Brighton,Away Win,0.24202937,0.23575024,0.5222204
2026-01-24,15:00,23,Premier League,Manchester City,Wolves,Home Win,0.7315647,0.171445,0.09699024
2026-01-24,17:30,23,Premier League,Bournemouth,Liverpool,Home Win,0.44964582,0.24891447,0.3014397
2026-01-25,14:00,23,Premier League,Crystal Palace,Chelsea,Home Win,0.41614756,0.25041705,0.3334354
2026-01-25,14:00,23,Premier League,Brentford,Nott'm Forest,Home Win,0.5292762,0.23797816,0.2327456
2026-01-25,14:00,23,Premier League,Newcastle,Aston Villa,Away Win,0.23432639,0.23368451,0.5319891
2026-01-25,16:30,23,Premier League,Arsenal,Manchester Utd,Home Win,0.65353525,0.20226233,0.14420237
2026-01-26,20:00,23,Premier League,Everton,Leeds,Home Win,0.6443262,0.20547676,0.150197
2026-01-31,15:00,24,Premier League,Brighton,Everton,Home Win,0.49201766,0.24398193,0.26400042
2026-01-31,15:00,24,Premier League,Leeds,Arsenal,Away Win,0.22439203,0.23038678,0.5452212
2026-01-31,15:00,24,Premier League,Wolves,Bournemouth,Away Win,0.25882602,0.23971476,0.5014592
2026-01-31,17:30,24,Premier League,Chelsea,West Ham,Home Win,0.61581814,0.21488747,0.16929437
2026-01-31,20:00,24,Premier League,Liverpool,Newcastle,Home Win,0.4252739,0.25044772,0.32427835
2026-02-01,14:00,24,Premier League,Aston Villa,Brentford,Home Win,0.54434186,0.23447636,0.22118184
2026-02-01,14:00,24,Premier League,Manchester Utd,Fulham,Home Win,0.48124593,0.24572319,0.27303088
2026-02-01,14:00,24,Premier League,Nott'm Forest,Crystal Palace,Away Win,0.26638028,0.24135534,0.4922644
2026-02-01,16:30,24,Premier League,Tottenham,Manchester City,Away Win,0.23704371,0.23434016,0.5286161
2026-02-02,20:00,24,Premier League,Sunderland,Burnley,Home Win,0.4067789,0.25167897,0.34154212
2026-02-07,00:00,25,Premier League,Bournemouth,Aston Villa,Away Win,0.25822383,0.23946501,0.50231117
2026-02-07,00:00,25,Premier League,Brighton,Crystal Palace,Home Win,0.38806176,0.25152507,0.3604132
2026-02-07,00:00,25,Premier League,Arsenal,Sunderland,Home Win,0.7072774,0.18173409,0.11098849
2026-02-07,00:00,25,Premier League,Burnley,West Ham,Home Win,0.3808004,0.25154418,0.36765543
2026-02-07,00:00,25,Premier League,Fulham,Everton,Away Win,0.27876163,0.24322404,0.47801438
2026-02-07,00:00,25,Premier League,Liverpool,Manchester City,Away Win,0.2503708,0.23757768,0.5120515
2026-02-07,00:00,25,Premier League,Leeds,Nott'm Forest,Away Win,0.32509267,0.2492165,0.42569077
2026-02-07,00:00,25,Premier League,Manchester Utd,Tottenham,Home Win,0.4548494,0.24844834,0.29670227
2026-02-07,00:00,25,Premier League,Newcastle,Brentford,Away Win,0.36027357,0.25081804,0.38890836
2026-02-07,00:00,25,Premier League,Wolves,Chelsea,Away Win,0.23442374,0.23360012,0.5319761
2026-02-11,00:00,26,Premier League,Sunderland,Liverpool,Away Win,0.32446772,0.24910627,0.42642593
2026-02-11,00:00,26,Premier League,Aston Villa,Brighton,Home Win,0.5132538,0.24092616,0.24582003
2026-02-11,00:00,26,Premier League,Crystal Palace,Burnley,Home Win,0.6383046,0.20753415,0.15416127
2026-02-11,00:00,26,Premier League,Brentford,Arsenal,Away Win,0.2579593,0.23919167,0.50284904
2026-02-11,00:00,26,Premier League,Chelsea,Leeds,Home Win,0.67853034,0.19308843,0.12838121
2026-02-11,00:00,26,Premier League,Everton,Bournemouth,Home Win,0.45916873,0.24777032,0.29306096
2026-02-11,00:00,26,Premier League,Manchester City,Fulham,Home Win,0.66124797,0.19949909,0.13925302
2026-02-11,00:00,26,Premier League,Nott'm Forest,Wolves,Home Win,0.55685407,0.23167984,0.2114661
2026-02-11,00:00,26,Premier League,Tottenham,Newcastle,Away Win,0.36169225,0.25130206,0.38700566
2026-02-11,00:00,26,Premier League,West Ham,Manchester Utd,Away Win,0.31473866,0.2482836,0.4369778
2026-02-21,00:00,27,Premier League,Sunderland,Fulham,Away Win,0.36009175,0.25163338,0.38827485
2026-02-21,00:00,27,Premier League,Aston Villa,Leeds,Home Win,0.69769734,0.1856133,0.11668933
2026-02-21,00:00,27,Premier League,Crystal Palace,Wolves,Home Win,0.6937017,0.1872055,0.11909283
2026-02-21,00:00,27,Premier League,Brentford,Brighton,Away Win,0.3370169,0.2501686,0.41281456
2026-02-21,00:00,27,Premier League,Chelsea,Burnley,Home Win,0.6326555,0.20942833,0.1579162
2026-02-21,00:00,27,Premier League,Everton,Manchester Utd,Home Win,0.5080044,0.24162757,0.250368
2026-02-21,00:00,27,Premier League,Manchester City,Newcastle,Home Win,0.6257763,0.2116951,0.1625286
2026-02-21,00:00,27,Premier League,Nott'm Forest,Liverpool,Away Win,0.33317038,0.24984793,0.41698167
2026-02-21,00:00,27,Premier League,Tottenham,Arsenal,Away Win,0.22249433,0.22991525,0.54759043
2026-02-21,00:00,27,Premier League,West Ham,Bournemouth,Away Win,0.2745852,0.24257441,0.48284045
2026-02-28,00:00,28,Premier League,Bournemouth,Sunderland,Home Win,0.5449826,0.23436509,0.22065231
2026-02-28,00:00,28,Premier League,Brighton,Nott'm Forest,Home Win,0.582012,0.22498447,0.19300355
2026-02-28,00:00,28,Premier League,Arsenal,Chelsea,Home Win,0.5701869,0.2282493,0.20156379
2026-02-28,00:00,28,Premier League,Burnley,Brentford,Away Win,0.2711183,0.24186473,0.48701698
2026-02-28,00:00,28,Premier League,Fulham,Tottenham,Away Win,0.35915884,0.25134772,0.3894934
2026-02-28,00:00,28,Premier League,Liverpool,West Ham,Home Win,0.511614,0.24096301,0.24742295
2026-02-28,00:00,28,Premier League,Leeds,Manchester City,Away Win,0.24203442,0.23544163,0.52252394
2026-02-28,00:00,28,Premier League,Manchester Utd,Crystal Palace,Away Win,0.27315736,0.24238697,0.48445562
2026-02-28,00:00,28,Premier League,Newcastle,Everton,Away Win,0.34209165,0.25006762,0.40784073
2026-02-28,00:00,28,Premier League,Wolves,Aston Villa,Away Win,0.24174504,0.2358223,0.5224327
2026-03-04,00:00,29,Premier League,Bournemouth,Brentford,Home Win,0.40873697,0.2510402,0.34022284
2026-03-04,00:00,29,Premier League,Aston Villa,Chelsea,Home Win,0.4908686,0.24436964,0.2647618
2026-03-04,00:00,29,Premier League,Brighton,Arsenal,Away Win,0.27995598,0.24356723,0.4764768
2026-03-04,00:00,29,Premier League,Everton,Burnley,Home Win,0.58946556,0.22285695,0.18767747
2026-03-04,00:00,29,Premier League,Fulham,West Ham,Home Win,0.41386783,0.25100732,0.3351249
2026-03-04,00:00,29,Premier League,Leeds,Sunderland,Away Win,0.31161597,0.24767339,0.44071066
2026-03-04,00:00,29,Premier League,Manchester City,Nott'm Forest,Home Win,0.6471837,0.20448896,0.14832737
2026-03-04,00:00,29,Premier League,Newcastle,Manchester Utd,Home Win,0.42723867,0.25044408,0.3223172
2026-03-04,00:00,29,Premier League,Tottenham,Crystal Palace,Away Win,0.2663641,0.24118014,0.49245575
2026-03-04,00:00,29,Premier League,Wolves,Liverpool,Away Win,0.2658003,0.2408853,0.49331436
2026-03-14,00:00,30,Premier League,Sunderland,Brighton,Away Win,0.25962892,0.23960295,0.5007681
2026-03-14,00:00,30,Premier League,Crystal Palace,Leeds,Home Win,0.68373847,0.19109738,0.12516414
2026-03-14,00:00,30,Premier League,Arsenal,Everton,Home Win,0.60990804,0.21674097,0.17335096
2026-03-14,00:00,30,Premier League,Brentford,Wolves,Home Win,0.6313769,0.20985429,0.1587688
2026-03-14,00:00,30,Premier League,Burnley,Bournemouth,Away Win,0.26615512,0.24096516,0.49287975
2026-03-14,00:00,30,Premier League,Chelsea,Newcastle,Home Win,0.57760715,0.22621277,0.19618003
2026-03-14,00:00,30,Premier League,Liverpool,Tottenham,Home Win,0.4853903,0.24512804,0.26948166
2026-03-14,00:00,30,Premier League,Manchester Utd,Aston Villa,Away Win,0.23965465,0.23495577,0.52538955
2026-03-14,00:00,30,Premier League,Nott'm Forest,Fulham,Home Win,0.4108825,0.25136214,0.33775532
2026-03-14,00:00,30,Premier League,West Ham,Manchester City,Away Win,0.23395446,0.23324181,0.5328038
2026-03-21,00:00,31,Premier League,Bournemouth,Manchester Utd,Home Win,0.4692998,0.24698514,0.28371504
2026-03-21,00:00,31,Premier League,Aston Villa,West Ham,Home Win,0.634786,0.20871697,0.15649702
2026-03-21,00:00,31,Premier League,Brighton,Liverpool,Home Win,0.54458886,0.2347118,0.22069927
2026-03-21,00:00,31,Premier League,Everton,Chelsea,Away Win,0.31574807,0.24775109,0.43650088
2026-03-21,00:00,31,Premier League,Fulham,Burnley,Home Win,0.42447084,0.25066808,0.32486108
2026-03-21,00:00,31,Premier League,Leeds,Brentford,Away Win,0.2704257,0.24198148,0.48759288
2026-03-21,00:00,31,Premier League,Manchester City,Crystal Palace,Home Win,0.50957376,0.24111688,0.24930939
2026-03-21,00:00,31,Premier League,Newcastle,Sunderland,Home Win,0.5151605,0.24011877,0.24472073
2026-03-21,00:00,31,Premier League,Tottenham,Nott'm Forest,Home Win,0.43715462,0.2500485,0.3127969
2026-03-21,00:00,31,Premier League,Wolves,Arsenal,Away Win,0.23002926,0.2323534,0.5376173
2026-04-11,00:00,32,Premier League,Sunderland,Tottenham,Away Win,0.35773733,0.25138918,0.3908735
2026-04-11,00:00,32,Premier League,Crystal Palace,Newcastle,Home Win,0.5760199,0.22665435,0.19732575
2026-04-11,00:00,32,Premier League,Arsenal,Bournemouth,Home Win,0.6216449,0.2130333,0.16532177
2026-04-11,00:00,32,Premier League,Brentford,Everton,Home Win,0.39993447,0.2515106,0.3485549
2026-04-11,00:00,32,Premier League,Burnley,Brighton,Away Win,0.23496574,0.23387027,0.531164
2026-04-11,00:00,32,Premier League,Chelsea,Manchester City,Away Win,0.33756542,0.25010476,0.4123298
2026-04-11,00:00,32,Premier League,Liverpool,Fulham,Home Win,0.50646806,0.24204026,0.25149164
2026-04-11,00:00,32,Premier League,Manchester Utd,Leeds,Home Win,0.5910889,0.22238757,0.18652357
2026-04-11,00:00,32,Premier League,Nott'm Forest,Aston Villa,Away Win,0.23384646,0.23347531,0.5326782
2026-04-11,00:00,32,Premier League,West Ham,Wolves,Home Win,0.52878505,0.23782471,0.23339017
2026-04-18,00:00,33,Premier League,Newcastle,Bournemouth,Away Win,0.37258536,0.2511829,0.37623176
2026-04-18,00:00,33,Premier League,Nott'm Forest,Burnley,Home Win,0.46048284,0.24785136,0.29166582
2026-04-18,00:00,33,Premier League,Tottenham,Brighton,Away Win,0.24611741,0.23675965,0.5171229
2026-04-18,00:00,33,Premier League,Aston Villa,Sunderland,Home Win,0.65500116,0.2017403,0.14325853
2026-04-18,00:00,33,Premier League,Crystal Palace,West Ham,Home Win,0.6179664,0.2142091,0.16782454
2026-04-18,00:00,33,Premier League,Brentford,Fulham,Home Win,0.5356756,0.23666207,0.22766232
2026-04-18,00:00,33,Premier League,Chelsea,Manchester Utd,Home Win,0.5697496,0.2283619,0.20188852
2026-04-18,00:00,33,Premier League,Everton,Liverpool,Home Win,0.5008021,0.2427889,0.25640902
2026-04-18,00:00,33,Premier League,Leeds,Wolves,Home Win,0.37912202,0.2517077,0.36917022
2026-04-18,00:00,33,Premier League,Manchester City,Arsenal,Home Win,0.40104476,0.25151378,0.34744146
2026-04-25,00:00,34,Premier League,Bournemouth,Leeds,Home Win,0.6085966,0.21714462,0.17425878
2026-04-25,00:00,34,Premier League,Sunderland,Nott'm Forest,Home Win,0.3784267,0.25202033,0.369553
2026-04-25,00:00,34,Premier League,Brighton,Chelsea,Home Win,0.37686738,0.25121477,0.37191778
2026-04-25,00:00,34,Premier League,Arsenal,Newcastle,Home Win,0.6530094,0.20244724,0.14454333
2026-04-25,00:00,34,Premier League,Burnley,Manchester City,Away Win,0.23543762,0.23368737,0.530875
2026-04-25,00:00,34,Premier League,Fulham,Aston Villa,Away Win,0.23145165,0.23291126,0.5356371
2026-04-25,00:00,34,Premier League,Liverpool,Crystal Palace,Away Win,0.3153881,0.24836567,0.43624625
2026-04-25,00:00,34,Premier League,Manchester Utd,Brentford,Away Win,0.35143077,0.25037867,0.39819053
2026-04-25,00:00,34,Premier League,West Ham,Everton,Away Win,0.27214295,0.24209084,0.48576617
2026-04-25,00:00,34,Premier League,Wolves,Tottenham,Away Win,0.3058593,0.2472637,0.44687697
2026-05-02,00:00,35,Premier League,Bournemouth,Crystal Palace,Away Win,0.31284794,0.24788727,0.43926483
2026-05-02,00:00,35,Premier League,Aston Villa,Tottenham,Home Win,0.61662996,0.21462989,0.16874014
2026-05-02,00:00,35,Premier League,Arsenal,Fulham,Home Win,0.6851052,0.19056962,0.124325216
2026-05-02,00:00,35,Premier League,Brentford,West Ham,Home Win,0.5368507,0.23625015,0.22689918
2026-05-02,00:00,35,Premier League,Chelsea,Nott'm Forest,Home Win,0.6005409,0.21959299,0.1798662
2026-05-02,00:00,35,Premier League,Everton,Manchester City,Away Win,0.25837085,0.23917073,0.50245845
2026-05-02,00:00,35,Premier League,Leeds,Burnley,Away Win,0.33885714,0.25024652,0.41089633
2026-05-02,00:00,35,Premier League,Manchester Utd,Liverpool,Home Win,0.39638937,0.25155053,0.35206014
2026-05-02,00:00,35,Premier League,Newcastle,Brighton,Away Win,0.28261304,0.24367452,0.4737125
2026-05-02,00:00,35,Premier League,Wolves,Sunderland,Away Win,0.3175254,0.24852933,0.43394524
2026-05-09,00:00,36,Premier League,Sunderland,Manchester Utd,Away Win,0.32654446,0.24940495,0.4240506
2026-05-09,00:00,36,Premier League,Brighton,Wolves,Home Win,0.67568964,0.19416425,0.13014616
2026-05-09,00:00,36,Premier League,Crystal Palace,Everton,Home Win,0.53501636,0.23660377,0.22837986
2026-05-09,00:00,36,Premier League,Burnley,Aston Villa,Away Win,0.2318069,0.23283221,0.5353609
2026-05-09,00:00,36,Premier League,Fulham,Bournemouth,Away Win,0.28662592,0.24449955,0.46887457
2026-05-09,00:00,36,Premier League,Liverpool,Chelsea,Away Win,0.26638743,0.24055162,0.49306098
2026-05-09,00:00,36,Premier League,Manchester City,Brentford,Home Win,0.5799507,0.22556295,0.19448635
2026-05-09,00:00,36,Premier League,Nott'm Forest,Newcastle,Away Win,0.34172875,0.25034827,0.40792295
2026-05-09,00:00,36,Premier League,Tottenham,Leeds,Home Win,0.5500531,0.23332852,0.21661837
2026-05-09,00:00,36,Premier League,West Ham,Arsenal,Away Win,0.22181407,0.22953717,0.5486487
2026-05-17,00:00,37,Premier League,Bournemouth,Manchester City,Away Win,0.26004624,0.23959762,0.5003561
2026-05-17,00:00,37,Premier League,Aston Villa,Liverpool,Home Win,0.59178096,0.2221824,0.18603666
2026-05-17,00:00,37,Premier League,Arsenal,Burnley,Home Win,0.7048011,0.18274523,0.11245366
2026-05-17,00:00,37,Premier League,Brentford,Crystal Palace,Away Win,0.3088597,0.2474637,0.44367656
2026-05-17,00:00,37,Premier League,Chelsea,Tottenham,Home Win,0.5944367,0.22140695,0.18415633
2026-05-17,00:00,37,Premier League,Everton,Sunderland,Home Win,0.5764602,0.22653082,0.19700895
2026-05-17,00:00,37,Premier League,Leeds,Brighton,Away Win,0.23860809,0.2348311,0.5265608
2026-05-17,00:00,37,Premier League,Manchester Utd,Nott'm Forest,Home Win,0.47876856,0.24599084,0.27524057
2026-05-17,00:00,37,Premier League,Newcastle,West Ham,Home Win,0.51088035,0.24112548,0.24799417
2026-05-17,00:00,37,Premier League,Wolves,Fulham,Away Win,0.30496228,0.24723798,0.44779974
2026-05-24,00:00,38,Premier League,Sunderland,Chelsea,Away Win,0.24182068,0.23538457,0.5227947
2026-05-24,00:00,38,Premier League,Brighton,Manchester Utd,Home Win,0.54563653,0.23443767,0.21992576
2026-05-24,00:00,38,Premier League,Crystal Palace,Arsenal,Away Win,0.28733563,0.24455346,0.4681109
2026-05-24,00:00,38,Premier League,Burnley,Wolves,Home Win,0.50038433,0.24249725,0.25711843
2026-05-24,00:00,38,Premier League,Fulham,Newcastle,Away Win,0.32642615,0.2494509,0.42412293
2026-05-24,00:00,38,Premier League,Liverpool,Brentford,Home Win,0.39148915,0.25138494,0.35712585
2026-05-24,00:00,38,Premier League,Manchester City,Aston Villa,Home Win,0.46574008,0.24708308,0.28717685
2026-05-24,00:00,38,Premier League,Nott'm Forest,Bournemouth,Away Win,0.30152792,0.24658711,0.45188493
2026-05-24,00:00,38,Premier League,Tottenham,Everton,Away Win,0.29146135,0.24501507,0.4635236
2026-05-24,00:00,38,Premier League,West Ham,Leeds,Home Win,0.5202642,0.23948541,0.2402504
2025-12-06,14:00,14,Serie A,Sassuolo,Fiorentina,Home Win,0.46944484,0.2471673,0.28338784
2025-12-06,17:00,14,Serie A,Milan,Como,Home Win,0.49704897,0.24304679,0.2599043
2025-12-06,19:45,14,Serie A,Verona,Atalanta,Away Win,0.2722046,0.24210216,0.48569322
2025-12-07,11:30,14,Serie A,Cremonese,Lecce,Home Win,0.4548074,0.24871247,0.29648012
2025-12-07,14:00,14,Serie A,Cagliari,Roma,Away Win,0.22630976,0.23112105,0.54256916
2025-12-07,17:00,14,Serie A,Lazio,Bologna,Away Win,0.32592663,0.24906926,0.42500418
2025-12-07,19:45,14,Serie A,Napoli,Juventus,Home Win,0.4792916,0.24525574,0.27545273
2025-12-08,14:00,14,Serie A,Pisa,Parma,Home Win,0.4158603,0.25089377,0.33324593
2025-12-08,17:00,14,Serie A,Udinese,Genoa,Home Win,0.40501976,0.25148955,0.34349066
2025-12-08,19:45,14,Serie A,Torino,Milan,Away Win,0.21844858,0.2284306,0.5531208
2025-12-12,19:45,15,Serie A,Lecce,Pisa,Away Win,0.352208,0.2512294,0.39656258
2025-12-13,14:00,15,Serie A,Torino,Cremonese,Home Win,0.42969385,0.2499087,0.32039744
2025-12-13,17:00,15,Serie A,Parma,Lazio,Away Win,0.26458773,0.24079208,0.49462017
2025-12-13,19:45,15,Serie A,Atalanta,Cagliari,Home Win,0.542467,0.23518373,0.22234932
2025-12-14,11:30,15,Serie A,Milan,Sassuolo,Home Win,0.63344777,0.20916967,0.15738262
2025-12-14,14:00,15,Serie A,Fiorentina,Verona,Home Win,0.48499194,0.24486378,0.2701443
2025-12-14,14:00,15,Serie A,Udinese,Napoli,Away Win,0.2249399,0.23068722,0.54437286
2025-12-14,17:00,15,Serie A,Genoa,Milan,Away Win,0.22575189,0.23105735,0.54319084
2025-12-14,19:45,15,Serie A,Bologna,Juventus,Home Win,0.43177956,0.24966115,0.3185593
2025-12-15,19:45,15,Serie A,Roma,Como,Home Win,0.47740376,0.24581295,0.2767833
2025-12-20,17:00,16,Serie A,Lazio,Cremonese,Home Win,0.57285446,0.2275221,0.19962347
2025-12-20,19:45,16,Serie A,Juventus,Roma,Away Win,0.30770433,0.24720131,0.4450944
2025-12-21,11:30,16,Serie A,Cagliari,Pisa,Away Win,0.37266266,0.2518248,0.37551245
2025-12-21,14:00,16,Serie A,Sassuolo,Torino,Home Win,0.43726912,0.25000936,0.31272152
2025-12-21,17:00,16,Serie A,Fiorentina,Udinese,Home Win,0.40649328,0.25107044,0.34243628
2025-12-21,19:45,16,Serie A,Genoa,Atalanta,Away Win,0.2907357,0.24498878,0.4642756
2025-12-27,11:30,17,Serie A,Parma,Fiorentina,Home Win,0.3811418,0.25222388,0.36663428
2025-12-27,14:00,17,Serie A,Torino,Cagliari,Home Win,0.48381585,0.24516174,0.2710224
2025-12-27,14:00,17,Serie A,Lecce,Como,Away Win,0.23720282,0.23435894,0.5284382
2025-12-27,17:00,17,Serie A,Udinese,Lazio,Away Win,0.25912312,0.23959766,0.50127923
2025-12-27,19:45,17,Serie A,Pisa,Juventus,Away Win,0.24595311,0.23653966,0.5175072
2025-12-28,11:30,17,Serie A,Milan,Verona,Home Win,0.7153754,0.17837484,0.10624967
2025-12-28,14:00,17,Serie A,Cremonese,Napoli,Away Win,0.23379621,0.23321807,0.5329857
2025-12-28,17:00,17,Serie A,Bologna,Sassuolo,Home Win,0.5853595,0.22403763,0.1906028
2025-12-28,19:45,17,Serie A,Atalanta,Milan,Away Win,0.23575547,0.23377483,0.5304697
2025-12-29,19:45,17,Serie A,Roma,Genoa,Home Win,0.68007493,0.19250105,0.12742406
2026-01-02,19:45,18,Serie A,Cagliari,Milan,Away Win,0.22909954,0.23205598,0.53884447
2026-01-03,11:30,18,Serie A,Como,Udinese,Home Win,0.6619128,0.19925766,0.1388295
2026-01-03,14:00,18,Serie A,Genoa,Pisa,Away Win,0.36517,0.25158545,0.38324457
2026-01-03,14:00,18,Serie A,Sassuolo,Parma,Home Win,0.4859949,0.24502465,0.2689804
2026-01-03,17:00,18,Serie A,Juventus,Lecce,Home Win,0.6357577,0.2083917,0.15585062
2026-01-03,19:45,18,Serie A,Atalanta,Roma,Away Win,0.23638196,0.2339901,0.529628
2026-01-04,11:30,18,Serie A,Lazio,Napoli,Away Win,0.29810998,0.24626453,0.45562544
2026-01-04,14:00,18,Serie A,Fiorentina,Cremonese,Home Win,0.39599985,0.25125244,0.35274768
2026-01-04,17:00,18,Serie A,Verona,Torino,Away Win,0.30398703,0.2470912,0.44892177
2026-01-04,19:45,18,Serie A,Milan,Bologna,Home Win,0.5210469,0.23938988,0.23956323
2026-01-06,14:00,19,Serie A,Pisa,Como,Away Win,0.23340037,0.23305222,0.5335474
2026-01-06,17:00,19,Serie A,Lecce,Roma,Away Win,0.22439516,0.23051223,0.54509264
2026-01-06,19:45,19,Serie A,Sassuolo,Juventus,Away Win,0.26270077,0.2402246,0.49707466
2026-01-07,17:30,19,Serie A,Bologna,Atalanta,Home Win,0.5753997,0.22682317,0.19777709
2026-01-07,17:30,19,Serie A,Napoli,Verona,Home Win,0.6928854,0.18752883,0.11958583
2026-01-07,19:45,19,Serie A,Torino,Udinese,Home Win,0.445546,0.2488953,0.30555868
2026-01-07,19:45,19,Serie A,Lazio,Fiorentina,Home Win,0.5781188,0.22607355,0.19580767
2026-01-07,19:45,19,Serie A,Parma,Milan,Away Win,0.22530006,0.23088078,0.5438191
2026-01-08,17:30,19,Serie A,Cremonese,Cagliari,Home Win,0.4545665,0.24878047,0.296653
2026-01-08,19:45,19,Serie A,Milan,Genoa,Home Win,0.6962164,0.18620583,0.117577784
2026-01-10,14:00,20,Serie A,Como,Bologna,Home Win,0.46771535,0.24697624,0.28530842
2026-01-10,14:00,20,Serie A,Udinese,Pisa,Home Win,0.38207865,0.25185478,0.36606658
2026-01-10,17:00,20,Serie A,Roma,Sassuolo,Home Win,0.6157395,0.21491742,0.16934307
2026-01-10,19:45,20,Serie A,Atalanta,Torino,Home Win,0.48405582,0.24536993,0.27057424
2026-01-11,11:30,20,Serie A,Lecce,Parma,Away Win,0.34764853,0.25072223,0.40162927
2026-01-11,14:00,20,Serie A,Fiorentina,Milan,Away Win,0.2319923,0.23300736,0.5350003
2026-01-11,17:00,20,Serie A,Verona,Lazio,Away Win,0.27146408,0.24209668,0.48643923
2026-01-11,19:45,20,Serie A,Milan,Napoli,Home Win,0.4846898,0.2452353,0.2700749
2026-01-12,17:30,20,Serie A,Genoa,Cagliari,Home Win,0.391257,0.25172448,0.3570185
2026-01-12,19:45,20,Serie A,Juventus,Cremonese,Home Win,0.6133289,0.21567047,0.17100066
2026-01-14,17:30,16,Serie A,Napoli,Parma,Home Win,0.6607693,0.19967324,0.1395575
2026-01-14,19:45,16,Serie A,Milan,Lecce,Home Win,0.69979066,0.18477476,0.1154346
2026-01-15,17:30,16,Serie A,Verona,Bologna,Away Win,0.26572424,0.2409849,0.49329093
2026-01-15,19:45,16,Serie A,Como,Milan,Home Win,0.37436023,0.25134575,0.37429395
2026-01-16,19:45,21,Serie A,Pisa,Atalanta,Away Win,0.31797668,0.24831921,0.4337041
2026-01-17,14:00,21,Serie A,Udinese,Milan,Away Win,0.21836157,0.22839747,0.5532409
2026-01-17,17:00,21,Serie A,Napoli,Sassuolo,Home Win,0.6060163,0.21793643,0.1760473
2026-01-17,19:45,21,Serie A,Cagliari,Juventus,Away Win,0.24772695,0.23726444,0.5150086
2026-01-18,11:30,21,Serie A,Parma,Genoa,Home Win,0.41577375,0.2514165,0.33280975
2026-01-18,14:00,21,Serie A,Bologna,Fiorentina,Home Win,0.62484294,0.21199836,0.16315876
2026-01-18,17:00,21,Serie A,Torino,Roma,Away Win,0.21952422,0.22883356,0.55164224
2026-01-18,19:45,21,Serie A,Milan,Lecce,Home Win,0.69979066,0.18477476,0.1154346
2026-01-19,17:30,21,Serie A,Cremonese,Verona,Home Win,0.49478358,0.2438993,0.26131713
2026-01-19,19:45,21,Serie A,Lazio,Como,Away Win,0.31257522,0.24755897,0.4398658
2026-01-23,19:45,22,Serie A,Milan,Pisa,Home Win,0.66632164,0.19765125,0.13602714
2026-01-24,14:00,22,Serie A,Como,Torino,Home Win,0.6318663,0.20969172,0.158442
2026-01-24,17:00,22,Serie A,Fiorentina,Cagliari,Home Win,0.44046223,0.24949354,0.31004423
2026-01-24,19:45,22,Serie A,Lecce,Lazio,Away Win,0.2621969,0.24024154,0.4975616
2026-01-25,11:30,22,Serie A,Sassuolo,Cremonese,Home Win,0.45916334,0.24798234,0.2928543
2026-01-25,14:00,22,Serie A,Atalanta,Parma,Home Win,0.5305128,0.23762815,0.23185907
2026-01-25,14:00,22,Serie A,Genoa,Bologna,Away Win,0.25754175,0.23933978,0.50311846
2026-01-25,17:00,22,Serie A,Juventus,Napoli,Away Win,0.3400814,0.2502189,0.40969965
2026-01-25,19:45,22,Serie A,Roma,Milan,Home Win,0.40694937,0.25128594,0.34176466
2026-01-26,19:45,22,Serie A,Verona,Udinese,Away Win,0.31767154,0.24854213,0.43378636
2026-02-01,00:00,23,Serie A,Cagliari,Verona,Home Win,0.44260556,0.24936372,0.3080307
2026-02-01,00:00,23,Serie A,Como,Atalanta,Home Win,0.60454863,0.21838008,0.17707124
2026-02-01,00:00,23,Serie A,Bologna,Milan,Away Win,0.32370916,0.24875358,0.42753723
2026-02-01,00:00,23,Serie A,Torino,Lecce,Home Win,0.48303086,0.24520953,0.2717596
2026-02-01,00:00,23,Serie A,Lazio,Genoa,Home Win,0.60411835,0.21851492,0.17736673
2026-02-01,00:00,23,Serie A,Parma,Juventus,Away Win,0.24956459,0.23767091,0.5127645
2026-02-01,00:00,23,Serie A,Pisa,Sassuolo,Away Win,0.32886964,0.24903439,0.42209595
2026-02-01,00:00,23,Serie A,Napoli,Fiorentina,Home Win,0.6469944,0.2045543,0.14845122
2026-02-01,00:00,23,Serie A,Udinese,Roma,Away Win,0.21972905,0.2289093,0.5513617
2026-02-01,00:00,23,Serie A,Cremonese,Milan,Away Win,0.22206593,0.22974393,0.5481902
2026-02-08,00:00,24,Serie A,Fiorentina,Torino,Away Win,0.36149406,0.2512869,0.38721904
2026-02-08,00:00,24,Serie A,Milan,Como,Home Win,0.49704897,0.24304679,0.2599043
2026-02-08,00:00,24,Serie A,Roma,Cagliari,Home Win,0.6819815,0.19177118,0.12624729
2026-02-08,00:00,24,Serie A,Atalanta,Cremonese,Home Win,0.5111838,0.24110311,0.24771312
2026-02-08,00:00,24,Serie A,Genoa,Napoli,Away Win,0.23512521,0.2337608,0.531114
2026-02-08,00:00,24,Serie A,Bologna,Parma,Home Win,0.63648635,0.20814851,0.15536518
2026-02-08,00:00,24,Serie A,Verona,Pisa,Away Win,0.33523864,0.25008628,0.41467506
2026-02-08,00:00,24,Serie A,Juventus,Lazio,Home Win,0.4897677,0.24424331,0.26598898
2026-02-08,00:00,24,Serie A,Sassuolo,Milan,Away Win,0.22600675,0.2309107,0.54308254
2026-02-08,00:00,24,Serie A,Lecce,Udinese,Away Win,0.33151025,0.24955443,0.41893527
2026-02-15,00:00,25,Serie A,Cagliari,Lecce,Home Win,0.39960244,0.25155666,0.34884092
2026-02-15,00:00,25,Serie A,Como,Fiorentina,Home Win,0.64266455,0.20604722,0.1512882
2026-02-15,00:00,25,Serie A,Torino,Bologna,Away Win,0.25379026,0.23838215,0.5078276
2026-02-15,00:00,25,Serie A,Milan,Juventus,Home Win,0.51200557,0.24057044,0.24742405
2026-02-15,00:00,25,Serie A,Lazio,Atalanta,Home Win,0.51405585,0.24065739,0.24528673
2026-02-15,00:00,25,Serie A,Parma,Verona,Home Win,0.47071236,0.2470188,0.28226882
2026-02-15,00:00,25,Serie A,Pisa,Milan,Away Win,0.22160356,0.22949201,0.5489044
2026-02-15,00:00,25,Serie A,Napoli,Roma,Home Win,0.42499715,0.25042552,0.32457733
2026-02-15,00:00,25,Serie A,Udinese,Sassuolo,Away Win,0.31536308,0.24818291,0.43645394
2026-02-15,00:00,25,Serie A,Cremonese,Genoa,Home Win,0.44320762,0.24970618,0.30708617
2026-02-22,00:00,26,Serie A,Fiorentina,Pisa,Home Win,0.41565478,0.25107825,0.33326697
2026-02-22,00:00,26,Serie A,Milan,Parma,Home Win,0.68706554,0.18980876,0.12312574
2026-02-22,00:00,26,Serie A,Roma,Cremonese,Home Win,0.65997714,0.19995855,0.1400643
2026-02-22,00:00,26,Serie A,Atalanta,Napoli,Away Win,0.2534952,0.2381427,0.5083622
2026-02-22,00:00,26,Serie A,Cagliari,Lazio,Away Win,0.26174137,0.24020894,0.49804968
2026-02-22,00:00,26,Serie A,Genoa,Torino,Away Win,0.3222315,0.24900104,0.42876747
2026-02-22,00:00,26,Serie A,Bologna,Udinese,Home Win,0.64184463,0.20633014,0.1518252
2026-02-22,00:00,26,Serie A,Juventus,Como,Home Win,0.3841877,0.25131038,0.3645019
2026-02-22,00:00,26,Serie A,Sassuolo,Verona,Home Win,0.5510259,0.23318927,0.21578473
2026-02-22,00:00,26,Serie A,Lecce,Milan,Away Win,0.22864169,0.23194934,0.539409
2026-03-01,00:00,27,Serie A,Roma,Juventus,Home Win,0.49211234,0.24368806,0.26419964
2026-03-01,00:00,27,Serie A,Como,Lecce,Home Win,0.6713855,0.1957761,0.13283834
2026-03-01,00:00,27,Serie A,Torino,Lazio,Away Win,0.27241305,0.24218976,0.48539716
2026-03-01,00:00,27,Serie A,Verona,Napoli,Away Win,0.23868544,0.23462541,0.5266892
2026-03-01,00:00,27,Serie A,Milan,Genoa,Home Win,0.6962164,0.18620583,0.117577784
2026-03-01,00:00,27,Serie A,Parma,Cagliari,Home Win,0.42781264,0.2508076,0.32137975
2026-03-01,00:00,27,Serie A,Pisa,Bologna,Away Win,0.25481278,0.23837854,0.5068087
2026-03-01,00:00,27,Serie A,Sassuolo,Atalanta,Away Win,0.3647931,0.25146455,0.3837424
2026-03-01,00:00,27,Serie A,Udinese,Fiorentina,Away Win,0.36904186,0.2518272,0.37913093
2026-03-01,00:00,27,Serie A,Cremonese,Milan,Away Win,0.22206593,0.22974393,0.5481902
2026-03-08,00:00,28,Serie A,Cagliari,Como,Away Win,0.23693211,0.2342486,0.52881926
2026-03-08,00:00,28,Serie A,Genoa,Roma,Away Win,0.22692709,0.2313312,0.5417417
2026-03-08,00:00,28,Serie A,Bologna,Verona,Home Win,0.6740487,0.19478206,0.13116924
2026-03-08,00:00,28,Serie A,Juventus,Pisa,Home Win,0.6062883,0.21785101,0.17586067
2026-03-08,00:00,28,Serie A,Lazio,Sassuolo,Home Win,0.52162033,0.23906043,0.23931922
2026-03-08,00:00,28,Serie A,Napoli,Torino,Home Win,0.6331906,0.2092532,0.15755616
2026-03-08,00:00,28,Serie A,Lecce,Cremonese,Away Win,0.31989208,0.24847429,0.43163368
2026-03-08,00:00,28,Serie A,Fiorentina,Parma,Home Win,0.42104575,0.25059313,0.32836112
2026-03-08,00:00,28,Serie A,Milan,Milan,Home Win,0.43156904,0.25003642,0.31839454
2026-03-08,00:00,28,Serie A,Atalanta,Udinese,Home Win,0.5266833,0.23839167,0.2349251
2026-03-15,00:00,29,Serie A,Como,Roma,Home Win,0.3967727,0.25147024,0.35175705
2026-03-15,00:00,29,Serie A,Torino,Parma,Home Win,0.45970154,0.24777438,0.2925241
2026-03-15,00:00,29,Serie A,Verona,Genoa,Away Win,0.33937913,0.25051275,0.41010812
2026-03-15,00:00,29,Serie A,Milan,Atalanta,Home Win,0.6359035,0.20834278,0.15575376
2026-03-15,00:00,29,Serie A,Lazio,Milan,Away Win,0.25719753,0.23918025,0.5036222
2026-03-15,00:00,29,Serie A,Pisa,Cagliari,Home Win,0.4522052,0.24856761,0.29922718
2026-03-15,00:00,29,Serie A,Sassuolo,Bologna,Away Win,0.26034772,0.23958953,0.5000627
2026-03-15,00:00,29,Serie A,Napoli,Lecce,Home Win,0.6758778,0.19409384,0.1300283
2026-03-15,00:00,29,Serie A,Udinese,Juventus,Away Win,0.237569,0.23455358,0.52787745
2026-03-15,00:00,29,Serie A,Cremonese,Fiorentina,Home Win,0.40128562,0.25202182,0.3466926
2026-03-22,00:00,30,Serie A,Fiorentina,Milan,Away Win,0.2319923,0.23300736,0.5350003
2026-03-22,00:00,30,Serie A,Milan,Torino,Home Win,0.6612176,0.199511,0.13927142
2026-03-22,00:00,30,Serie A,Roma,Lecce,Home Win,0.6837858,0.19107822,0.12513597
2026-03-22,00:00,30,Serie A,Atalanta,Verona,Home Win,0.57727915,0.22631069,0.19641012
2026-03-22,00:00,30,Serie A,Cagliari,Napoli,Away Win,0.23498166,0.23368052,0.5313378
2026-03-22,00:00,30,Serie A,Genoa,Udinese,Away Win,0.35440832,0.2509385,0.39465317
2026-03-22,00:00,30,Serie A,Como,Pisa,Home Win,0.6378033,0.207704,0.15449272
2026-03-22,00:00,30,Serie A,Bologna,Lazio,Home Win,0.4963022,0.24324147,0.2604563
2026-03-22,00:00,30,Serie A,Juventus,Sassuolo,Home Win,0.5636055,0.22999819,0.2063963
2026-03-22,00:00,30,Serie A,Parma,Cremonese,Home Win,0.3765325,0.25177434,0.37169313
2026-04-04,00:00,31,Serie A,Verona,Fiorentina,Away Win,0.3282777,0.2497219,0.42200035
2026-04-04,00:00,31,Serie A,Milan,Roma,Home Win,0.45961118,0.24805616,0.29233265
2026-04-04,00:00,31,Serie A,Juventus,Genoa,Home Win,0.63198084,0.20965318,0.158366
2026-04-04,00:00,31,Serie A,Lazio,Parma,Home Win,0.58641404,0.22373694,0.18984902
2026-04-04,00:00,31,Serie A,Pisa,Torino,Away Win,0.34803635,0.2506676,0.401296
2026-04-04,00:00,31,Serie A,Sassuolo,Cagliari,Home Win,0.5224933,0.23926452,0.2382422
2026-04-04,00:00,31,Serie A,Napoli,Milan,Home Win,0.3926148,0.25130996,0.35607517
2026-04-04,00:00,31,Serie A,Udinese,Como,Away Win,0.22509728,0.23075601,0.5441468
2026-04-04,00:00,31,Serie A,Cremonese,Bologna,Away Win,0.25518772,0.23872034,0.50609195
2026-04-04,00:00,31,Serie A,Lecce,Atalanta,Away Win,0.2744935,0.24232756,0.4831789
2026-04-12,00:00,32,Serie A,Fiorentina,Lazio,Away Win,0.27636215,0.24306846,0.4805694
2026-04-12,00:00,32,Serie A,Milan,Udinese,Home Win,0.690689,0.18839268,0.12091831
2026-04-12,00:00,32,Serie A,Roma,Pisa,Home Win,0.6511745,0.20309535,0.14573024
2026-04-12,00:00,32,Serie A,Atalanta,Juventus,Away Win,0.2860385,0.2442524,0.46970913
2026-04-12,00:00,32,Serie A,Cagliari,Cremonese,Away Win,0.3454337,0.25041485,0.4041514
2026-04-12,00:00,32,Serie A,Genoa,Sassuolo,Away Win,0.31198138,0.24787337,0.44014525
2026-04-12,00:00,32,Serie A,Como,Milan,Home Win,0.37436023,0.25134575,0.37429395
2026-04-12,00:00,32,Serie A,Bologna,Lecce,Home Win,0.6550236,0.20173284,0.14324361
2026-04-12,00:00,32,Serie A,Torino,Verona,Home Win,0.52405185,0.23871332,0.23723479
2026-04-12,00:00,32,Serie A,Parma,Napoli,Away Win,0.23272848,0.2330483,0.5342232
2026-04-19,00:00,33,Serie A,Roma,Atalanta,Home Win,0.61618316,0.21477154,0.16904533
2026-04-19,00:00,33,Serie A,Verona,Milan,Away Win,0.23117343,0.2326,0.5362266
2026-04-19,00:00,33,Serie A,Milan,Cagliari,Home Win,0.698145,0.18543486,0.116420135
2026-04-19,00:00,33,Serie A,Juventus,Bologna,Home Win,0.3893529,0.25154936,0.35909775
2026-04-19,00:00,33,Serie A,Pisa,Genoa,Home Win,0.43324018,0.24997267,0.31678712
2026-04-19,00:00,33,Serie A,Sassuolo,Como,Away Win,0.24311548,0.23560987,0.5212746
2026-04-19,00:00,33,Serie A,Napoli,Lazio,Home Win,0.5499145,0.2333436,0.21674189
2026-04-19,00:00,33,Serie A,Udinese,Parma,Home Win,0.39082983,0.25164604,0.3575242
2026-04-19,00:00,33,Serie A,Cremonese,Torino,Away Win,0.36636224,0.25191212,0.3817257
2026-04-19,00:00,33,Serie A,Lecce,Fiorentina,Away Win,0.33988795,0.25048673,0.4096253
2026-04-26,00:00,34,Serie A,Fiorentina,Sassuolo,Away Win,0.36273274,0.25121614,0.3860511
2026-04-26,00:00,34,Serie A,Milan,Juventus,Home Win,0.51200557,0.24057044,0.24742405
2026-04-26,00:00,34,Serie A,Cagliari,Atalanta,Away Win,0.28539866,0.24415985,0.47044143
2026-04-26,00:00,34,Serie A,Genoa,Como,Away Win,0.23491766,0.23374493,0.5313374
2026-04-26,00:00,34,Serie A,Bologna,Roma,Away Win,0.3467774,0.25048113,0.40274146
2026-04-26,00:00,34,Serie A,Torino,Milan,Away Win,0.21844858,0.2284306,0.5531208
2026-04-26,00:00,34,Serie A,Verona,Lecce,Away Win,0.3446549,0.2508263,0.40451887
2026-04-26,00:00,34,Serie A,Lazio,Udinese,Home Win,0.5920558,0.22210735,0.1858368
2026-04-26,00:00,34,Serie A,Parma,Pisa,Home Win,0.38732594,0.2520428,0.3606313
2026-04-26,00:00,34,Serie A,Napoli,Cremonese,Home Win,0.65163183,0.2029332,0.14543502
2026-05-03,00:00,35,Serie A,Roma,Fiorentina,Home Win,0.6550945,0.20170665,0.14319885
2026-05-03,00:00,35,Serie A,Atalanta,Genoa,Home Win,0.541253,0.23546353,0.22328345
2026-05-03,00:00,35,Serie A,Como,Napoli,Home Win,0.42434296,0.25057352,0.32508355
2026-05-03,00:00,35,Serie A,Bologna,Cagliari,Home Win,0.65423715,0.20201133,0.14375147
2026-05-03,00:00,35,Serie A,Milan,Parma,Home Win,0.68706554,0.18980876,0.12312574
2026-05-03,00:00,35,Serie A,Juventus,Verona,Home Win,0.6584298,0.2005145,0.14105573
2026-05-03,00:00,35,Serie A,Pisa,Lecce,Home Win,0.44897264,0.24877107,0.3022563
2026-05-03,00:00,35,Serie A,Sassuolo,Milan,Away Win,0.22600675,0.2309107,0.54308254
2026-05-03,00:00,35,Serie A,Udinese,Torino,Away Win,0.32792363,0.24953827,0.42253813
2026-05-03,00:00,35,Serie A,Cremonese,Lazio,Away Win,0.27030754,0.24180502,0.4878874
2026-05-10,00:00,36,Serie A,Fiorentina,Genoa,Home Win,0.4344399,0.2499486,0.31561145
2026-05-10,00:00,36,Serie A,Milan,Atalanta,Home Win,0.6359035,0.20834278,0.15575376
2026-05-10,00:00,36,Serie A,Cagliari,Udinese,Away Win,0.35825232,0.25109783,0.39064986
2026-05-10,00:00,36,Serie A,Torino,Sassuolo,Home Win,0.3783373,0.2512401,0.3704226
2026-05-10,00:00,36,Serie A,Verona,Como,Away Win,0.24043176,0.23511988,0.5244484
2026-05-10,00:00,36,Serie A,Lazio,Milan,Away Win,0.25719753,0.23918025,0.5036222
2026-05-10,00:00,36,Serie A,Parma,Roma,Away Win,0.22491187,0.23068559,0.54440254
2026-05-10,00:00,36,Serie A,Napoli,Bologna,Home Win,0.48086092,0.24531618,0.27382287
2026-05-10,00:00,36,Serie A,Cremonese,Pisa,Home Win,0.4158614,0.25129303,0.3328455
2026-05-10,00:00,36,Serie A,Lecce,Juventus,Away Win,0.24732333,0.23720938,0.5154673
2026-05-17,00:00,37,Serie A,Roma,Lazio,Home Win,0.5580021,0.2314196,0.2105783
2026-05-17,00:00,37,Serie A,Atalanta,Bologna,Away Win,0.27664432,0.24290404,0.48045164
2026-05-17,00:00,37,Serie A,Cagliari,Torino,Away Win,0.3225658,0.2490484,0.4283858
2026-05-17,00:00,37,Serie A,Genoa,Milan,Away Win,0.22575189,0.23105735,0.54319084
2026-05-17,00:00,37,Serie A,Como,Parma,Home Win,0.65750307,0.20084703,0.14164989
2026-05-17,00:00,37,Serie A,Milan,Verona,Home Win,0.7153754,0.17837484,0.10624967
2026-05-17,00:00,37,Serie A,Juventus,Fiorentina,Home Win,0.60625017,0.21786106,0.1758888
2026-05-17,00:00,37,Serie A,Pisa,Napoli,Away Win,0.22904788,0.23187406,0.53907806
2026-05-17,00:00,37,Serie A,Sassuolo,Lecce,Home Win,0.5192583,0.23981944,0.2409223
2026-05-17,00:00,37,Serie A,Udinese,Cremonese,Away Win,0.35942242,0.25102657,0.389551
2026-05-24,00:00,38,Serie A,Fiorentina,Atalanta,Away Win,0.3032701,0.24678086,0.449949
2026-05-24,00:00,38,Serie A,Milan,Cagliari,Home Win,0.698145,0.18543486,0.116420135
2026-05-24,00:00,38,Serie A,Bologna,Milan,Away Win,0.32370916,0.24875358,0.42753723
2026-05-24,00:00,38,Serie A,Torino,Juventus,Away Win,0.24608593,0.23671992,0.51719415
2026-05-24,00:00,38,Serie A,Verona,Roma,Away Win,0.23187977,0.23268953,0.5354307
2026-05-24,00:00,38,Serie A,Lazio,Pisa,Home Win,0.57835686,0.22600807,0.19563507
2026-05-24,00:00,38,Serie A,Parma,Sassuolo,Away Win,0.32607427,0.24941662,0.4245091
2026-05-24,00:00,38,Serie A,Napoli,Udinese,Home Win,0.6664493,0.19760348,0.13594724
2026-05-24,00:00,38,Serie A,Cremonese,Como,Away Win,0.23370326,0.23323141,0.5330654
2026-05-24,00:00,38,Serie A,Lecce,Genoa,Away Win,0.36136687,0.251421,0.38721216
2025-12-05,18:00,15,Ligue 1,Brest,Monaco,Away Win,0.32724667,0.24895087,0.4238025
2025-12-05,20:00,15,Ligue 1,Lille,Marseille,Away Win,0.2910717,0.2454608,0.46346748
2025-12-06,16:00,15,Ligue 1,Nantes,Lens,Away Win,0.22456096,0.23060355,0.5448355
2025-12-06,18:00,15,Ligue 1,Toulouse,Strasbourg,Away Win,0.25956702,0.23962691,0.50080603
2025-12-06,20:05,15,Ligue 1,Paris SG,Rennes,Home Win,0.6165685,0.21465504,0.16877645
2025-12-07,14:00,15,Ligue 1,Nice,Angers,Home Win,0.47791615,0.2460218,0.27606204
2025-12-07,16:15,15,Ligue 1,Le Havre,Paris FC,Home Win,0.47767037,0.24612993,0.2761997
2025-12-07,16:15,15,Ligue 1,Auxerre,Metz,Away Win,0.34702045,0.25097117,0.40200835
2025-12-07,19:45,15,Ligue 1,Lorient,Lyon,Away Win,0.25529963,0.23874973,0.5059506
2025-12-12,19:45,16,Ligue 1,Angers,Nantes,Home Win,0.5030975,0.24246985,0.2544326
2025-12-13,16:00,16,Ligue 1,Rennes,Brest,Home Win,0.58200985,0.22498661,0.19300358
2025-12-13,18:00,16,Ligue 1,Metz,Paris SG,Away Win,0.22144902,0.229368,0.549183
2025-12-13,20:05,16,Ligue 1,Paris FC,Toulouse,Away Win,0.36979404,0.25147212,0.37873387
2025-12-14,14:00,16,Ligue 1,Lyon,Le Havre,Home Win,0.54041004,0.235552,0.22403793
2025-12-14,16:15,16,Ligue 1,Auxerre,Lille,Away Win,0.24924797,0.23762473,0.51312727
2025-12-14,16:15,16,Ligue 1,Strasbourg,Lorient,Home Win,0.6066591,0.21773642,0.17560442
2025-12-14,16:15,16,Ligue 1,Lens,Nice,Home Win,0.5926282,0.22193673,0.18543507
2025-12-14,19:45,16,Ligue 1,Marseille,Monaco,Home Win,0.61934423,0.21376887,0.1668869
2026-01-02,19:45,17,Ligue 1,Toulouse,Lens,Away Win,0.22842287,0.23170663,0.5398705
2026-01-03,16:00,17,Ligue 1,Monaco,Lyon,Away Win,0.36480254,0.25151926,0.38367817
2026-01-03,18:00,17,Ligue 1,Nice,Strasbourg,Away Win,0.35079715,0.25074032,0.39846253
2026-01-03,20:05,17,Ligue 1,Lille,Rennes,Home Win,0.41125384,0.25102565,0.33772048
2026-01-04,14:00,17,Ligue 1,Marseille,Nantes,Home Win,0.68748754,0.18964472,0.122867756
2026-01-04,16:15,17,Ligue 1,Le Havre,Angers,Home Win,0.39491987,0.25163916,0.35344103
2026-01-04,16:15,17,Ligue 1,Lorient,Metz,Away Win,0.35984433,0.25117043,0.3889852
2026-01-04,16:15,17,Ligue 1,Brest,Auxerre,Home Win,0.50025725,0.2429995,0.25674325
2026-01-04,19:45,17,Ligue 1,Paris SG,Paris FC,Home Win,0.72253996,0.17534405,0.10211601
2026-01-16,18:00,18,Ligue 1,Monaco,Lorient,Home Win,0.5437558,0.23490334,0.22134088
2026-01-16,20:00,18,Ligue 1,Paris SG,Lille,Home Win,0.62423897,0.21220161,0.16355944
2026-01-17,16:00,18,Ligue 1,Lens,Auxerre,Home Win,0.681233,0.19205818,0.12670879
2026-01-17,18:00,18,Ligue 1,Toulouse,Nice,Away Win,0.32097763,0.24862401,0.4303984
2026-01-17,20:05,18,Ligue 1,Angers,Marseille,Away Win,0.23656413,0.2341305,0.52930534
2026-01-18,14:00,18,Ligue 1,Strasbourg,Metz,Home Win,0.5813249,0.2251756,0.19349949
2026-01-18,16:15,18,Ligue 1,Nantes,Paris FC,Away Win,0.36969164,0.25177214,0.3785362
2026-01-18,16:15,18,Ligue 1,Rennes,Le Havre,Home Win,0.57067156,0.22811438,0.20121402
2026-01-18,19:45,18,Ligue 1,Lyon,Brest,Home Win,0.5501679,0.23338726,0.21644473
2026-01-23,19:00,19,Ligue 1,Auxerre,Paris SG,Away Win,0.22659363,0.23127323,0.5421332
2026-01-24,16:00,19,Ligue 1,Rennes,Lorient,Home Win,0.6259672,0.21163277,0.16240008
2026-01-24,18:00,19,Ligue 1,Le Havre,Monaco,Away Win,0.34449416,0.25018173,0.40532413
2026-01-24,20:05,19,Ligue 1,Marseille,Lens,Home Win,0.47245044,0.24677435,0.28077522
2026-01-25,14:00,19,Ligue 1,Nantes,Nice,Away Win,0.28499228,0.2444172,0.4705905
2026-01-25,16:15,19,Ligue 1,Metz,Lyon,Away Win,0.27135682,0.24191296,0.48673016
2026-01-25,16:15,19,Ligue 1,Paris FC,Angers,Away Win,0.33309412,0.24953486,0.41737095
2026-01-25,16:15,19,Ligue 1,Brest,Toulouse,Home Win,0.418804,0.2510388,0.3301572
2026-01-25,19:45,19,Ligue 1,Lille,Strasbourg,Home Win,0.41679764,0.25077158,0.33243075
2026-01-30,19:45,20,Ligue 1,Lens,Le Havre,Home Win,0.6228333,0.21265034,0.16451634
2026-01-31,16:00,20,Ligue 1,Paris FC,Marseille,Away Win,0.22209138,0.22967096,0.5482377
2026-01-31,18:00,20,Ligue 1,Lorient,Nantes,Home Win,0.37807247,0.25149766,0.37042987
2026-01-31,20:05,20,Ligue 1,Monaco,Rennes,Away Win,0.31971115,0.24861743,0.43167147
2026-02-01,14:00,20,Ligue 1,Lyon,Lille,Home Win,0.38551614,0.25120845,0.3632754
2026-02-01,16:15,20,Ligue 1,Toulouse,Auxerre,Home Win,0.5084589,0.24165781,0.24988322
2026-02-01,16:15,20,Ligue 1,Nice,Brest,Home Win,0.51385474,0.24083802,0.24530719
2026-02-01,16:15,20,Ligue 1,Angers,Metz,Home Win,0.48383388,0.24529853,0.2708676
2026-02-01,19:45,20,Ligue 1,Strasbourg,Paris SG,Away Win,0.27273265,0.24188441,0.4853829
2026-02-08,00:00,21,Ligue 1,Le Havre,Strasbourg,Away Win,0.27017012,0.24163195,0.4881979
2026-02-08,00:00,21,Ligue 1,Auxerre,Paris FC,Away Win,0.3386531,0.25032994,0.411017
2026-02-08,00:00,21,Ligue 1,Metz,Lille,Away Win,0.25396436,0.23838434,0.50765127
2026-02-08,00:00,21,Ligue 1,Nantes,Lyon,Away Win,0.25991258,0.2399148,0.5001726
2026-02-08,00:00,21,Ligue 1,Nice,Monaco,Home Win,0.45854217,0.24791566,0.29354218
2026-02-08,00:00,21,Ligue 1,Paris SG,Marseille,Home Win,0.52563775,0.23841266,0.23594958
2026-02-08,00:00,21,Ligue 1,Lens,Rennes,Home Win,0.5239446,0.23880407,0.23725128
2026-02-08,00:00,21,Ligue 1,Angers,Toulouse,Home Win,0.4492067,0.24904585,0.30174747
2026-02-08,00:00,21,Ligue 1,Brest,Lorient,Home Win,0.49036083,0.24444793,0.2651912
2026-02-15,00:00,22,Ligue 1,Le Havre,Toulouse,Home Win,0.4382852,0.2499476,0.31176722
2026-02-15,00:00,22,Ligue 1,Monaco,Nantes,Home Win,0.536469,0.23643616,0.22709483
2026-02-15,00:00,22,Ligue 1,Lorient,Angers,Away Win,0.31817,0.2483544,0.43347555
2026-02-15,00:00,22,Ligue 1,Metz,Auxerre,Home Win,0.456537,0.24822912,0.29523385
2026-02-15,00:00,22,Ligue 1,Paris FC,Lens,Away Win,0.21972854,0.22885656,0.55141485
2026-02-15,00:00,22,Ligue 1,Lyon,Nice,Home Win,0.47818992,0.2456605,0.27614963
2026-02-15,00:00,22,Ligue 1,Marseille,Strasbourg,Home Win,0.56908154,0.2285436,0.20237488
2026-02-15,00:00,22,Ligue 1,Lille,Brest,Home Win,0.5625081,0.23028328,0.20720862
2026-02-15,00:00,22,Ligue 1,Rennes,Paris SG,Away Win,0.2663311,0.24091846,0.49275044
2026-02-22,00:00,23,Ligue 1,Auxerre,Rennes,Away Win,0.2721753,0.24245206,0.48537263
2026-02-22,00:00,23,Ligue 1,Nantes,Le Havre,Away Win,0.33029306,0.24979073,0.41991624
2026-02-22,00:00,23,Ligue 1,Toulouse,Paris FC,Home Win,0.46390882,0.24757066,0.28852054
2026-02-22,00:00,23,Ligue 1,Nice,Lorient,Home Win,0.56058,0.23078875,0.20863122
2026-02-22,00:00,23,Ligue 1,Paris SG,Metz,Home Win,0.71991485,0.17646131,0.10362379
2026-02-22,00:00,23,Ligue 1,Strasbourg,Lyon,Home Win,0.45667762,0.24797095,0.2953514
2026-02-22,00:00,23,Ligue 1,Lens,Monaco,Home Win,0.59138554,0.22229928,0.18631518
2026-02-22,00:00,23,Ligue 1,Angers,Lille,Away Win,0.28189054,0.24379282,0.47431666
2026-02-22,00:00,23,Ligue 1,Brest,Marseille,Away Win,0.223033,0.23008317,0.5468838
2026-03-01,00:00,24,Ligue 1,Le Havre,Paris SG,Away Win,0.22590509,0.23086014,0.54323477
2026-03-01,00:00,24,Ligue 1,Monaco,Angers,Home Win,0.45162886,0.2487343,0.2996368
2026-03-01,00:00,24,Ligue 1,Lorient,Auxerre,Home Win,0.39688274,0.25146806,0.35164925
2026-03-01,00:00,24,Ligue 1,Metz,Brest,Away Win,0.35706016,0.25122133,0.39171845
2026-03-01,00:00,24,Ligue 1,Paris FC,Nice,Away Win,0.2832666,0.24374421,0.4729892
2026-03-01,00:00,24,Ligue 1,Marseille,Lyon,Home Win,0.5893099,0.22290356,0.18778656
2026-03-01,00:00,24,Ligue 1,Lille,Nantes,Home Win,0.5978431,0.220399,0.18175782
2026-03-01,00:00,24,Ligue 1,Strasbourg,Lens,Away Win,0.2858551,0.24418533,0.46995962
2026-03-01,00:00,24,Ligue 1,Rennes,Toulouse,Home Win,0.579544,0.22567765,0.19477837
2026-03-08,00:00,25,Ligue 1,Auxerre,Strasbourg,Away Win,0.24785766,0.23742606,0.51471627
2026-03-08,00:00,25,Ligue 1,Nantes,Angers,Away Win,0.32002875,0.24886759,0.43110368
2026-03-08,00:00,25,Ligue 1,Toulouse,Marseille,Away Win,0.23032346,0.23227385,0.5374027
2026-03-08,00:00,25,Ligue 1,Nice,Rennes,Away Win,0.33519632,0.24990632,0.41489735
2026-03-08,00:00,25,Ligue 1,Lyon,Paris FC,Home Win,0.57388514,0.22723871,0.1988761
2026-03-08,00:00,25,Ligue 1,Lille,Lorient,Home Win,0.6055794,0.21806666,0.17635398
2026-03-08,00:00,25,Ligue 1,Paris SG,Monaco,Home Win,0.6647352,0.19823112,0.1370337
2026-03-08,00:00,25,Ligue 1,Lens,Metz,Home Win,0.6513747,0.20302337,0.14560191
2026-03-08,00:00,25,Ligue 1,Brest,Le Havre,Home Win,0.404055,0.2514468,0.34449816
2026-03-15,00:00,26,Ligue 1,Le Havre,Lyon,Away Win,0.2952065,0.24577379,0.45901972
2026-03-15,00:00,26,Ligue 1,Monaco,Brest,Home Win,0.49189764,0.24431604,0.26378632
2026-03-15,00:00,26,Ligue 1,Lorient,Lens,Away Win,0.22327898,0.23013854,0.54658246
2026-03-15,00:00,26,Ligue 1,Metz,Toulouse,Home Win,0.37987617,0.2518814,0.36824247
2026-03-15,00:00,26,Ligue 1,Marseille,Auxerre,Home Win,0.7024946,0.18368259,0.11382274
2026-03-15,00:00,26,Ligue 1,Paris SG,Nantes,Home Win,0.73016495,0.17205697,0.097778074
2026-03-15,00:00,26,Ligue 1,Strasbourg,Paris FC,Home Win,0.59088343,0.22244474,0.18667184
2026-03-15,00:00,26,Ligue 1,Angers,Nice,Away Win,0.3351529,0.24984638,0.41500068
2026-03-15,00:00,26,Ligue 1,Rennes,Lille,Home Win,0.4451128,0.24893321,0.30595392
2026-03-22,00:00,27,Ligue 1,Auxerre,Brest,Away Win,0.31263453,0.2479781,0.43938735
2026-03-22,00:00,27,Ligue 1,Nantes,Strasbourg,Away Win,0.2502014,0.23775735,0.51204115
2026-03-22,00:00,27,Ligue 1,Paris FC,Le Havre,Away Win,0.34459066,0.25033826,0.40507108
2026-03-22,00:00,27,Ligue 1,Toulouse,Lorient,Home Win,0.50283176,0.24257761,0.25459063
2026-03-22,00:00,27,Ligue 1,Nice,Paris SG,Away Win,0.24134684,0.23510583,0.5235473
2026-03-22,00:00,27,Ligue 1,Lyon,Monaco,Home Win,0.49234706,0.24372853,0.2639244
2026-03-22,00:00,27,Ligue 1,Marseille,Lille,Home Win,0.5739824,0.22721794,0.19879963
2026-03-22,00:00,27,Ligue 1,Lens,Angers,Home Win,0.6142147,0.2153962,0.17038909
2026-03-22,00:00,27,Ligue 1,Rennes,Metz,Home Win,0.5988795,0.22009227,0.18102813
2026-04-05,00:00,28,Ligue 1,Le Havre,Auxerre,Home Win,0.5229524,0.23914354,0.23790401
2026-04-05,00:00,28,Ligue 1,Monaco,Marseille,Away Win,0.24225007,0.23563306,0.52211684
2026-04-05,00:00,28,Ligue 1,Lorient,Paris FC,Away Win,0.35760787,0.25107056,0.39132157
2026-04-05,00:00,28,Ligue 1,Metz,Nantes,Home Win,0.42150524,0.25073206,0.32776272
2026-04-05,00:00,28,Ligue 1,Lille,Lens,Away Win,0.31068465,0.24791183,0.44140357
2026-04-05,00:00,28,Ligue 1,Paris SG,Toulouse,Home Win,0.7034365,0.18330084,0.11326269
2026-04-05,00:00,28,Ligue 1,Strasbourg,Nice,Home Win,0.50555146,0.24188305,0.25256553
2026-04-05,00:00,28,Ligue 1,Angers,Lyon,Away Win,0.3033997,0.24691953,0.4496807
2026-04-05,00:00,28,Ligue 1,Brest,Rennes,Away Win,0.27175844,0.24208704,0.4861545
2026-04-12,00:00,29,Ligue 1,Auxerre,Nantes,Away Win,0.35718927,0.25134072,0.39147004
2026-04-12,00:00,29,Ligue 1,Paris FC,Monaco,Away Win,0.28119302,0.24333352,0.4754735
2026-04-12,00:00,29,Ligue 1,Toulouse,Lille,Away Win,0.26634735,0.24089015,0.4927625
2026-04-12,00:00,29,Ligue 1,Nice,Le Havre,Home Win,0.5036542,0.24248469,0.25386113
2026-04-12,00:00,29,Ligue 1,Lyon,Lorient,Home Win,0.59032935,0.22260773,0.18706293
2026-04-12,00:00,29,Ligue 1,Marseille,Metz,Home Win,0.67830074,0.19317639,0.12852287
2026-04-12,00:00,29,Ligue 1,Lens,Paris SG,Away Win,0.3286844,0.25001356,0.4213021
2026-04-12,00:00,29,Ligue 1,Brest,Strasbourg,Away Win,0.2554838,0.23881325,0.5057029
2026-04-12,00:00,29,Ligue 1,Rennes,Angers,Home Win,0.55370456,0.23250365,0.21379176
2026-04-19,00:00,30,Ligue 1,Monaco,Auxerre,Home Win,0.5578796,0.23148587,0.21063454
2026-04-19,00:00,30,Ligue 1,Lorient,Marseille,Away Win,0.22390723,0.23034665,0.5457461
2026-04-19,00:00,30,Ligue 1,Metz,Paris FC,Home Win,0.40517068,0.2514599,0.34336945
2026-04-19,00:00,30,Ligue 1,Nantes,Brest,Away Win,0.3351551,0.2501466,0.41469824
2026-04-19,00:00,30,Ligue 1,Lille,Nice,Home Win,0.5096245,0.24125849,0.24911708
2026-04-19,00:00,30,Ligue 1,Paris SG,Lyon,Home Win,0.6360478,0.20829786,0.15565439
2026-04-19,00:00,30,Ligue 1,Strasbourg,Rennes,Home Win,0.4034901,0.25114986,0.3453601
2026-04-19,00:00,30,Ligue 1,Lens,Toulouse,Home Win,0.63325447,0.20922971,0.15751585
2026-04-19,00:00,30,Ligue 1,Angers,Le Havre,Home Win,0.42854613,0.25037658,0.32107723
2026-04-26,00:00,31,Ligue 1,Le Havre,Metz,Home Win,0.4670714,0.24726973,0.28565887
2026-04-26,00:00,31,Ligue 1,Lorient,Strasbourg,Away Win,0.24400021,0.23618598,0.51981384
2026-04-26,00:00,31,Ligue 1,Paris FC,Lille,Away Win,0.24376316,0.23592636,0.5203105
2026-04-26,00:00,31,Ligue 1,Toulouse,Monaco,Away Win,0.3363331,0.24958707,0.41407987
2026-04-26,00:00,31,Ligue 1,Lyon,Auxerre,Home Win,0.60286623,0.21889229,0.17824142
2026-04-26,00:00,31,Ligue 1,Marseille,Nice,Home Win,0.6244312,0.21213153,0.16343728
2026-04-26,00:00,31,Ligue 1,Angers,Paris SG,Away Win,0.23200205,0.23266754,0.5353305
2026-04-26,00:00,31,Ligue 1,Brest,Lens,Away Win,0.22224516,0.22979517,0.5479596
2026-04-26,00:00,31,Ligue 1,Rennes,Nantes,Home Win,0.6169707,0.214525,0.16850433
2026-05-03,00:00,32,Ligue 1,Auxerre,Angers,Away Win,0.31377414,0.24822788,0.437998
2026-05-03,00:00,32,Ligue 1,Metz,Monaco,Away Win,0.29007322,0.24485035,0.46507642
2026-05-03,00:00,32,Ligue 1,Nantes,Marseille,Away Win,0.22449216,0.23057172,0.54493606
2026-05-03,00:00,32,Ligue 1,Paris FC,Brest,Away Win,0.34804678,0.25050488,0.40144834
2026-05-03,00:00,32,Ligue 1,Nice,Lens,Away Win,0.25434217,0.23837045,0.5072873
2026-05-03,00:00,32,Ligue 1,Lyon,Rennes,Home Win,0.3776326,0.25143707,0.37093037
2026-05-03,00:00,32,Ligue 1,Lille,Le Havre,Home Win,0.55284905,0.23272102,0.21442991
2026-05-03,00:00,32,Ligue 1,Paris SG,Lorient,Home Win,0.73145276,0.17149518,0.097052075
2026-05-03,00:00,32,Ligue 1,Strasbourg,Toulouse,Home Win,0.56727946,0.22902001,0.20370056
2026-05-09,00:00,33,Ligue 1,Le Havre,Marseille,Away Win,0.22736867,0.23151644,0.5411149
2026-05-09,00:00,33,Ligue 1,Auxerre,Nice,Away Win,0.27716213,0.24303187,0.479806
2026-05-09,00:00,33,Ligue 1,Monaco,Lille,Away Win,0.32817376,0.2493699,0.42245632
2026-05-09,00:00,33,Ligue 1,Metz,Lorient,Home Win,0.4502015,0.24886025,0.30093822
2026-05-09,00:00,33,Ligue 1,Toulouse,Lyon,Away Win,0.28203312,0.2438012,0.47416568
2026-05-09,00:00,33,Ligue 1,Paris SG,Brest,Home Win,0.705483,0.18246818,0.11204879
2026-05-09,00:00,33,Ligue 1,Lens,Nantes,Home Win,0.6636951,0.19861108,0.13769385
2026-05-09,00:00,33,Ligue 1,Angers,Strasbourg,Away Win,0.269672,0.24170336,0.48862463
2026-05-09,00:00,33,Ligue 1,Rennes,Paris FC,Home Win,0.60916156,0.21696882,0.17386957
2026-05-16,00:00,34,Ligue 1,Lorient,Le Havre,Away Win,0.32699242,0.2492015,0.42380604
2026-05-16,00:00,34,Ligue 1,Nantes,Toulouse,Away Win,0.36116374,0.25162265,0.38721356
2026-05-16,00:00,34,Ligue 1,Paris FC,Paris SG,Away Win,0.2164374,0.22752385,0.5560388
2026-05-16,00:00,34,Ligue 1,Nice,Metz,Home Win,0.5274804,0.23825133,0.23426825
2026-05-16,00:00,34,Ligue 1,Lyon,Lens,Away Win,0.2636075,0.24032107,0.49607146
2026-05-16,00:00,34,Ligue 1,Marseille,Rennes,Home Win,0.5529853,0.23269765,0.21431707
2026-05-16,00:00,34,Ligue 1,Lille,Auxerre,Home Win,0.62289345,0.21262768,0.16447894
2026-05-16,00:00,34,Ligue 1,Strasbourg,Monaco,Home Win,0.5169021,0.2398773,0.2432206
2026-05-16,00:00,34,Ligue 1,Brest,Angers,Home Win,0.3905639,0.25167766,0.35775837
2025-12-02,20:00,19,La Liga,Barcelona,Ath Madrid,Home Win,0.41750157,0.25086525,0.33163318
2025-12-03,18:00,19,La Liga,Athletic Club,Real Madrid,Away Win,0.255764,0.23907092,0.50516504
2025-12-05,20:00,15,La Liga,Oviedo,Mallorca,Away Win,0.34595183,0.25059906,0.40344912
2025-12-06,13:00,15,La Liga,Villarreal,Getafe,Home Win,0.6650769,0.1981059,0.13681716
2025-12-06,15:15,15,La Liga,Alaves,Sociedad,Away Win,0.34776673,0.2510255,0.4012078
2025-12-06,17:30,15,La Liga,Betis,Barcelona,Away Win,0.25330368,0.23814797,0.5085483
2025-12-06,20:00,15,La Liga,Athletic Club,Ath Madrid,Away Win,0.25397632,0.23893787,0.5070858
2025-12-07,13:00,15,La Liga,Elche,Girona,Home Win,0.44820592,0.24894272,0.30285132
2025-12-07,15:15,15,La Liga,Valencia,Sevilla,Home Win,0.40651804,0.2515212,0.34196076
2025-12-07,17:30,15,La Liga,Espanol,Vallecano,Home Win,0.39968923,0.25135744,0.34895337
2025-12-07,20:00,15,La Liga,Real Madrid,Celta,Home Win,0.64227974,0.20618308,0.15153721
2025-12-08,20:00,15,La Liga,Osasuna,Levante,Home Win,0.42579392,0.25090265,0.32330346
2025-12-12,20:00,16,La Liga,Sociedad,Girona,Home Win,0.50183594,0.24262369,0.2555403
2025-12-13,13:00,16,La Liga,Ath Madrid,Valencia,Home Win,0.68810654,0.18940288,0.122490615
2025-12-13,15:15,16,La Liga,Mallorca,Elche,Away Win,0.36464736,0.25102082,0.38433188
2025-12-13,17:30,16,La Liga,Barcelona,Osasuna,Home Win,0.69850945,0.18528992,0.11620064
2025-12-13,20:00,16,La Liga,Getafe,Espanol,Away Win,0.31911513,0.24878842,0.4320965
2025-12-14,13:00,16,La Liga,Sevilla,Oviedo,Home Win,0.47348917,0.24655418,0.2799566
2025-12-14,15:15,16,La Liga,Celta,Athletic Club,Home Win,0.43591222,0.24979435,0.31429347
2025-12-14,17:30,16,La Liga,Levante,Villarreal,Away Win,0.22997181,0.23230833,0.53771985
2025-12-14,20:00,16,La Liga,Alaves,Real Madrid,Away Win,0.22979027,0.23215726,0.53805244
2025-12-15,20:00,16,La Liga,Vallecano,Betis,Away Win,0.27599713,0.24268399,0.48131883
2025-12-19,20:00,17,La Liga,Valencia,Mallorca,Home Win,0.4151933,0.25122163,0.3335851
2025-12-20,13:00,17,La Liga,Oviedo,Celta,Away Win,0.27837172,0.24314776,0.47848055
2025-12-20,15:15,17,La Liga,Levante,Sociedad,Away Win,0.32683414,0.2496847,0.42348117
2025-12-20,17:30,17,La Liga,Osasuna,Alaves,Away Win,0.35777998,0.25136647,0.3908536
2025-12-20,20:00,17,La Liga,Real Madrid,Sevilla,Home Win,0.6802335,0.19244131,0.12732522
2025-12-21,13:00,17,La Liga,Girona,Ath Madrid,Away Win,0.23019321,0.23221289,0.5375939
2025-12-21,15:15,17,La Liga,Villarreal,Barcelona,Home Win,0.3871356,0.25163642,0.3612279
2025-12-21,17:30,17,La Liga,Elche,Vallecano,Away Win,0.31517392,0.24825662,0.43656948
2025-12-21,20:00,17,La Liga,Betis,Getafe,Home Win,0.58587027,0.22389017,0.19023956
2025-12-22,20:00,17,La Liga,Athletic Club,Espanol,Home Win,0.40053743,0.25189263,0.34756994
2026-01-04,00:00,18,La Liga,Alaves,Oviedo,Home Win,0.46599865,0.24740642,0.28659496
2026-01-04,00:00,18,La Liga,Celta,Valencia,Home Win,0.5093296,0.24165025,0.24902016
2026-01-04,00:00,18,La Liga,Elche,Villarreal,Away Win,0.22698842,0.2313265,0.5416851
2026-01-04,00:00,18,La Liga,Osasuna,Athletic Club,Away Win,0.3299472,0.2498633,0.42018947
2026-01-04,00:00,18,La Liga,Sociedad,Ath Madrid,Away Win,0.23891348,0.23480721,0.52627933
2026-01-04,00:00,18,La Liga,Espanol,Barcelona,Away Win,0.23064537,0.23241386,0.53694075
2026-01-04,00:00,18,La Liga,Real Madrid,Betis,Home Win,0.5770374,0.22637096,0.19659168
2026-01-04,00:00,18,La Liga,Vallecano,Getafe,Home Win,0.49567938,0.24368006,0.26064056
2026-01-04,00:00,18,La Liga,Mallorca,Girona,Home Win,0.44642985,0.24897358,0.30459654
2026-01-04,00:00,18,La Liga,Sevilla,Levante,Home Win,0.4638704,0.24760468,0.2885249
2026-01-11,00:00,19,La Liga,Getafe,Sociedad,Away Win,0.34089404,0.25037867,0.40872732
2026-01-11,00:00,19,La Liga,Girona,Osasuna,Home Win,0.3761804,0.25171548,0.37210414
2026-01-11,00:00,19,La Liga,Villarreal,Alaves,Home Win,0.6564047,0.20123905,0.14235625
2026-01-11,00:00,19,La Liga,Oviedo,Betis,Away Win,0.23848628,0.23479092,0.5267228
2026-01-11,00:00,19,La Liga,Sevilla,Celta,Away Win,0.31996873,0.2489041,0.43112713
2026-01-11,00:00,19,La Liga,Valencia,Elche,Away Win,0.37298146,0.2514078,0.37561077
2026-01-11,00:00,19,La Liga,Levante,Espanol,Away Win,0.3130434,0.2483284,0.43862823
2026-01-11,00:00,19,La Liga,Vallecano,Mallorca,Home Win,0.49518967,0.24367861,0.2611317
2026-01-18,00:00,20,La Liga,Betis,Villarreal,Away Win,0.26568896,0.24072732,0.4935837
2026-01-18,00:00,20,La Liga,Celta,Vallecano,Home Win,0.4176741,0.25085467,0.3314712
2026-01-18,00:00,20,La Liga,Elche,Sevilla,Home Win,0.39741468,0.2517556,0.35082972
2026-01-18,00:00,20,La Liga,Espanol,Girona,Home Win,0.53714466,0.2361848,0.22667047
2026-01-18,00:00,20,La Liga,Getafe,Valencia,Home Win,0.4079557,0.2514808,0.34056357
2026-01-18,00:00,20,La Liga,Osasuna,Oviedo,Home Win,0.43961084,0.24999389,0.3103952
2026-01-18,00:00,20,La Liga,Ath Madrid,Alaves,Home Win,0.68833226,0.18931474,0.12235301
2026-01-18,00:00,20,La Liga,Mallorca,Athletic Club,Away Win,0.32958275,0.24928312,0.4211341
2026-01-18,00:00,20,La Liga,Sociedad,Barcelona,Away Win,0.23652497,0.23401527,0.5294598
2026-01-18,00:00,20,La Liga,Real Madrid,Levante,Home Win,0.70941013,0.1808546,0.109735236
2026-01-25,00:00,21,La Liga,Alaves,Betis,Away Win,0.25816768,0.239441,0.5023913
2026-01-25,00:00,21,La Liga,Ath Madrid,Mallorca,Home Win,0.6843677,0.1908548,0.1247775
2026-01-25,00:00,21,La Liga,Barcelona,Oviedo,Home Win,0.71669966,0.177819,0.10548135
2026-01-25,00:00,21,La Liga,Sevilla,Athletic Club,Away Win,0.33377725,0.24982347,0.41639927
2026-01-25,00:00,21,La Liga,Sociedad,Celta,Away Win,0.3510739,0.25106084,0.3978653
2026-01-25,00:00,21,La Liga,Levante,Elche,Away Win,0.32384765,0.2490967,0.42705566
2026-01-25,00:00,21,La Liga,Valencia,Espanol,Away Win,0.33038828,0.24991167,0.4197001
2026-01-25,00:00,21,La Liga,Girona,Getafe,Away Win,0.3516891,0.25101885,0.397292
2026-01-25,00:00,21,La Liga,Vallecano,Osasuna,Home Win,0.5201689,0.23962362,0.24020748
2026-01-25,00:00,21,La Liga,Villarreal,Real Madrid,Home Win,0.39683887,0.25180516,0.35135597
2026-02-01,00:00,22,La Liga,Athletic Club,Sociedad,Home Win,0.41432235,0.2513047,0.33437294
2026-02-01,00:00,22,La Liga,Betis,Valencia,Home Win,0.58000124,0.22554718,0.19445154
2026-02-01,00:00,22,La Liga,Mallorca,Sevilla,Home Win,0.40477586,0.2514868,0.34373733
2026-02-01,00:00,22,La Liga,Osasuna,Villarreal,Away Win,0.23587233,0.2340029,0.5301248
2026-02-01,00:00,22,La Liga,Espanol,Alaves,Home Win,0.47250092,0.24639833,0.2811008
2026-02-01,00:00,22,La Liga,Levante,Ath Madrid,Away Win,0.24661423,0.23694435,0.5164414
2026-02-01,00:00,22,La Liga,Elche,Barcelona,Away Win,0.23314981,0.2331975,0.5336527
2026-02-01,00:00,22,La Liga,Getafe,Celta,Away Win,0.3063574,0.24732487,0.4463177
2026-02-01,00:00,22,La Liga,Oviedo,Girona,Away Win,0.36553726,0.25132588,0.3831369
2026-02-01,00:00,22,La Liga,Real Madrid,Vallecano,Home Win,0.6491679,0.20379819,0.14703396
2026-02-08,00:00,23,La Liga,Alaves,Getafe,Home Win,0.39879337,0.2516745,0.3495321
2026-02-08,00:00,23,La Liga,Athletic Club,Levante,Home Win,0.51595956,0.24046385,0.24357659
2026-02-08,00:00,23,La Liga,Ath Madrid,Betis,Home Win,0.58548737,0.22399814,0.19051446
2026-02-08,00:00,23,La Liga,Barcelona,Mallorca,Home Win,0.6862991,0.19010694,0.123594016
2026-02-08,00:00,23,La Liga,Celta,Osasuna,Home Win,0.5290047,0.23802154,0.23297384
2026-02-08,00:00,23,La Liga,Sociedad,Elche,Home Win,0.42694077,0.2502961,0.3227631
2026-02-08,00:00,23,La Liga,Villarreal,Espanol,Home Win,0.6211867,0.21318187,0.16563143
2026-02-08,00:00,23,La Liga,Sevilla,Girona,Home Win,0.4583995,0.24807487,0.29352567
2026-02-08,00:00,23,La Liga,Valencia,Real Madrid,Away Win,0.22812831,0.2316974,0.5401743
2026-02-08,00:00,23,La Liga,Vallecano,Oviedo,Home Win,0.5498513,0.23346111,0.21668762
2026-02-15,00:00,24,La Liga,Elche,Osasuna,Home Win,0.4324523,0.25046104,0.31708667
2026-02-15,00:00,24,La Liga,Getafe,Villarreal,Away Win,0.2194519,0.2287621,0.55178595
2026-02-15,00:00,24,La Liga,Levante,Valencia,Away Win,0.36289135,0.2517299,0.38537875
2026-02-15,00:00,24,La Liga,Real Madrid,Sociedad,Home Win,0.6540049,0.20209612,0.143899
2026-02-15,00:00,24,La Liga,Sevilla,Alaves,Home Win,0.38600582,0.2516009,0.36239323
2026-02-15,00:00,24,La Liga,Oviedo,Athletic Club,Away Win,0.30148748,0.2465685,0.45194402
2026-02-15,00:00,24,La Liga,Vallecano,Ath Madrid,Away Win,0.24334304,0.235976,0.52068096
2026-02-15,00:00,24,La Liga,Girona,Barcelona,Away Win,0.22647646,0.231098,0.5424256
2026-02-15,00:00,24,La Liga,Mallorca,Betis,Away Win,0.24950095,0.23735818,0.5131409
2026-02-15,00:00,24,La Liga,Espanol,Celta,Home Win,0.38745272,0.25158262,0.3609646
2026-02-22,00:00,25,La Liga,Alaves,Girona,Home Win,0.44641012,0.24906886,0.30452105
2026-02-22,00:00,25,La Liga,Athletic Club,Elche,Home Win,0.43388426,0.24990214,0.31621364
2026-02-22,00:00,25,La Liga,Ath Madrid,Espanol,Home Win,0.6566787,0.2011449,0.14217636
2026-02-22,00:00,25,La Liga,Barcelona,Levante,Home Win,0.71475595,0.17863342,0.10661063
2026-02-22,00:00,25,La Liga,Betis,Vallecano,Home Win,0.53356475,0.23696962,0.22946559
2026-02-22,00:00,25,La Liga,Celta,Mallorca,Home Win,0.5058018,0.24209702,0.25210118
2026-02-22,00:00,25,La Liga,Getafe,Sevilla,Home Win,0.39464325,0.25169313,0.3536636
2026-02-22,00:00,25,La Liga,Osasuna,Real Madrid,Away Win,0.24141017,0.23565936,0.5229305
2026-02-22,00:00,25,La Liga,Villarreal,Valencia,Home Win,0.65668166,0.201141,0.14217736
2026-02-22,00:00,25,La Liga,Sociedad,Oviedo,Home Win,0.523939,0.2389255,0.23713551
2026-03-01,00:00,26,La Liga,Barcelona,Villarreal,Home Win,0.49350977,0.2440107,0.2624795
2026-03-01,00:00,26,La Liga,Betis,Sevilla,Home Win,0.58123434,0.22520205,0.1935636
2026-03-01,00:00,26,La Liga,Elche,Espanol,Away Win,0.3314771,0.25000018,0.41852272
2026-03-01,00:00,26,La Liga,Mallorca,Sociedad,Away Win,0.34534407,0.2506018,0.40405414
2026-03-01,00:00,26,La Liga,Levante,Alaves,Away Win,0.33481914,0.2500496,0.4151312
2026-03-01,00:00,26,La Liga,Vallecano,Athletic Club,Home Win,0.4124593,0.25088575,0.3366549
2026-03-01,00:00,26,La Liga,Oviedo,Ath Madrid,Away Win,0.24640441,0.23632288,0.51727265
2026-03-01,00:00,26,La Liga,Girona,Celta,Away Win,0.2774563,0.24289759,0.4796461
2026-03-01,00:00,26,La Liga,Real Madrid,Getafe,Home Win,0.68970156,0.18877971,0.12151871
2026-03-01,00:00,26,La Liga,Valencia,Osasuna,Home Win,0.43940535,0.24982578,0.31076887
2026-03-08,00:00,27,La Liga,Athletic Club,Barcelona,Away Win,0.25494352,0.23899524,0.50606126
2026-03-08,00:00,27,La Liga,Ath Madrid,Sociedad,Home Win,0.659279,0.20021306,0.14050795
2026-03-08,00:00,27,La Liga,Celta,Real Madrid,Away Win,0.2374371,0.23440403,0.5281589
2026-03-08,00:00,27,La Liga,Espanol,Oviedo,Home Win,0.55139107,0.23307964,0.21552925
2026-03-08,00:00,27,La Liga,Valencia,Alaves,Home Win,0.38573217,0.25157753,0.36269024
2026-03-08,00:00,27,La Liga,Getafe,Betis,Away Win,0.24301603,0.23586595,0.521118
2026-03-08,00:00,27,La Liga,Villarreal,Elche,Home Win,0.6538056,0.20216332,0.144031
2026-03-08,00:00,27,La Liga,Levante,Girona,Home Win,0.3821939,0.25190964,0.3658964
2026-03-08,00:00,27,La Liga,Osasuna,Mallorca,Home Win,0.38758007,0.2521469,0.3602731
2026-03-08,00:00,27,La Liga,Sevilla,Vallecano,Away Win,0.3283683,0.2496203,0.42201138
2026-03-15,00:00,28,La Liga,Alaves,Villarreal,Away Win,0.229238,0.2319735,0.5387885
2026-03-15,00:00,28,La Liga,Ath Madrid,Getafe,Home Win,0.694909,0.1867262,0.11836483
2026-03-15,00:00,28,La Liga,Barcelona,Sevilla,Home Win,0.68637145,0.19007917,0.123549394
2026-03-15,00:00,28,La Liga,Betis,Celta,Home Win,0.52104676,0.2393443,0.23960893
2026-03-15,00:00,28,La Liga,Oviedo,Valencia,Away Win,0.3565742,0.25122377,0.39220202
2026-03-15,00:00,28,La Liga,Girona,Athletic Club,Away Win,0.3048581,0.24677567,0.44836622
2026-03-15,00:00,28,La Liga,Real Madrid,Elche,Home Win,0.67892575,0.19293779,0.12813644
2026-03-15,00:00,28,La Liga,Mallorca,Espanol,Away Win,0.32223025,0.24896412,0.42880565
2026-03-15,00:00,28,La Liga,Vallecano,Levante,Home Win,0.54175234,0.23531179,0.22293587
2026-03-15,00:00,28,La Liga,Sociedad,Osasuna,Home Win,0.48590076,0.24500515,0.26909405
2026-03-22,00:00,29,La Liga,Athletic Club,Betis,Away Win,0.29236808,0.24561687,0.46201506
2026-03-22,00:00,29,La Liga,Barcelona,Vallecano,Home Win,0.65725905,0.20093708,0.14180385
2026-03-22,00:00,29,La Liga,Elche,Mallorca,Home Win,0.40086427,0.2516307,0.34750503
2026-03-22,00:00,29,La Liga,Espanol,Getafe,Home Win,0.49894646,0.24317999,0.25787354
2026-03-22,00:00,29,La Liga,Levante,Oviedo,Home Win,0.39514878,0.25192708,0.35292408
2026-03-22,00:00,29,La Liga,Sevilla,Valencia,Home Win,0.41436177,0.25132546,0.33431283
2026-03-22,00:00,29,La Liga,Celta,Alaves,Home Win,0.4825452,0.24526295,0.2721918
2026-03-22,00:00,29,La Liga,Real Madrid,Ath Madrid,Home Win,0.42857417,0.25019032,0.32123548
2026-03-22,00:00,29,La Liga,Osasuna,Girona,Home Win,0.42810446,0.25067833,0.32121715
2026-03-22,00:00,29,La Liga,Villarreal,Sociedad,Home Win,0.62695855,0.21131088,0.16173054
2026-04-05,00:00,30,La Liga,Alaves,Osasuna,Home Win,0.43127626,0.2504656,0.31825814
2026-04-05,00:00,30,La Liga,Ath Madrid,Barcelona,Home Win,0.4212316,0.2507299,0.32803857
2026-04-05,00:00,30,La Liga,Betis,Espanol,Home Win,0.53665876,0.23639435,0.22694692
2026-04-05,00:00,30,La Liga,Girona,Villarreal,Away Win,0.21841772,0.22838068,0.55320156
2026-04-05,00:00,30,La Liga,Mallorca,Real Madrid,Away Win,0.22370344,0.2302679,0.5460287
2026-04-05,00:00,30,La Liga,Oviedo,Sevilla,Away Win,0.33811194,0.2501348,0.4117532
2026-04-05,00:00,30,La Liga,Getafe,Athletic Club,Away Win,0.32461742,0.24895044,0.4264321
2026-04-05,00:00,30,La Liga,Valencia,Celta,Away Win,0.31358877,0.24821341,0.43819785
2026-04-05,00:00,30,La Liga,Vallecano,Elche,Home Win,0.46414438,0.24729006,0.28856555
2026-04-05,00:00,30,La Liga,Sociedad,Levante,Home Win,0.51291615,0.2409426,0.24614123
2026-04-12,00:00,31,La Liga,Barcelona,Espanol,Home Win,0.6545716,0.20189573,0.14353268
2026-04-12,00:00,31,La Liga,Celta,Oviedo,Home Win,0.55866724,0.23128432,0.21004845
2026-04-12,00:00,31,La Liga,Elche,Valencia,Home Win,0.4057767,0.2517109,0.3425124
2026-04-12,00:00,31,La Liga,Mallorca,Vallecano,Away Win,0.31421033,0.24799609,0.43779352
2026-04-12,00:00,31,La Liga,Sociedad,Alaves,Home Win,0.4310548,0.25009274,0.31885248
2026-04-12,00:00,31,La Liga,Sevilla,Ath Madrid,Away Win,0.23968786,0.23483664,0.52547544
2026-04-12,00:00,31,La Liga,Osasuna,Betis,Away Win,0.26099843,0.24044906,0.4985525
2026-04-12,00:00,31,La Liga,Levante,Getafe,Away Win,0.35001796,0.2511707,0.3988114
2026-04-12,00:00,31,La Liga,Real Madrid,Girona,Home Win,0.7087307,0.18113561,0.11013374
2026-04-12,00:00,31,La Liga,Athletic Club,Villarreal,Away Win,0.25376007,0.23860054,0.5076394
2026-04-19,00:00,32,La Liga,Alaves,Mallorca,Home Win,0.397721,0.2516716,0.3506074
2026-04-19,00:00,32,La Liga,Betis,Real Madrid,Away Win,0.27057564,0.24165069,0.48777372
2026-04-19,00:00,32,La Liga,Espanol,Levante,Home Win,0.54370224,0.23486306,0.22143471
2026-04-19,00:00,32,La Liga,Osasuna,Sevilla,Home Win,0.37524086,0.25207606,0.3726831
2026-04-19,00:00,32,La Liga,Vallecano,Sociedad,Home Win,0.43607754,0.24997197,0.31395045
2026-04-19,00:00,32,La Liga,Ath Madrid,Athletic Club,Home Win,0.66139513,0.1994449,0.13915989
2026-04-19,00:00,32,La Liga,Getafe,Barcelona,Away Win,0.22671913,0.23116751,0.54211336
2026-04-19,00:00,32,La Liga,Villarreal,Celta,Home Win,0.6171043,0.21448384,0.1684119
2026-04-19,00:00,32,La Liga,Oviedo,Elche,Away Win,0.30523923,0.24685228,0.44790846
2026-04-19,00:00,32,La Liga,Valencia,Girona,Home Win,0.46140838,0.24779439,0.29079723
2026-04-22,00:00,33,La Liga,Athletic Club,Osasuna,Home Win,0.48925373,0.24475764,0.26598865
2026-04-22,00:00,33,La Liga,Barcelona,Celta,Home Win,0.6474801,0.2043884,0.14813155
2026-04-22,00:00,33,La Liga,Levante,Sevilla,Away Win,0.34726444,0.2510251,0.40171045
2026-04-22,00:00,33,La Liga,Mallorca,Valencia,Home Win,0.41671133,0.2511742,0.3321145
2026-04-22,00:00,33,La Liga,Oviedo,Villarreal,Away Win,0.22797745,0.23141125,0.54061127
2026-04-22,00:00,33,La Liga,Real Madrid,Alaves,Home Win,0.6808597,0.19220023,0.12694006
2026-04-22,00:00,33,La Liga,Elche,Ath Madrid,Away Win,0.23905033,0.2348616,0.5260881
2026-04-22,00:00,33,La Liga,Girona,Betis,Away Win,0.24165113,0.23552589,0.522823
2026-04-22,00:00,33,La Liga,Vallecano,Espanol,Home Win,0.39748657,0.25172308,0.35079032
2026-04-22,00:00,33,La Liga,Sociedad,Getafe,Home Win,0.45887488,0.24817166,0.2929535
2026-05-03,00:00,34,La Liga,Alaves,Athletic Club,Away Win,0.33129185,0.24964339,0.41906482
2026-05-03,00:00,34,La Liga,Betis,Oviedo,Home Win,0.62019724,0.21349604,0.16630669
2026-05-03,00:00,34,La Liga,Celta,Elche,Home Win,0.47841287,0.24574423,0.2758429
2026-05-03,00:00,34,La Liga,Espanol,Real Madrid,Away Win,0.23483062,0.23355666,0.53161275
2026-05-03,00:00,34,La Liga,Getafe,Vallecano,Away Win,0.31317696,0.24802971,0.43879336
2026-05-03,00:00,34,La Liga,Girona,Mallorca,Away Win,0.3588461,0.25131634,0.38983756
2026-05-03,00:00,34,La Liga,Valencia,Ath Madrid,Away Win,0.2411393,0.23534714,0.52351356
2026-05-03,00:00,34,La Liga,Osasuna,Barcelona,Away Win,0.24562652,0.23676017,0.51761335
2026-05-03,00:00,34,La Liga,Villarreal,Levante,Home Win,0.6860785,0.19019155,0.123730026
2026-05-03,00:00,34,La Liga,Sevilla,Sociedad,Away Win,0.36127558,0.25155923,0.3871652
2026-05-10,00:00,35,La Liga,Athletic Club,Valencia,Home Win,0.47077012,0.24709094,0.2821389
2026-05-10,00:00,35,La Liga,Ath Madrid,Celta,Home Win,0.64867145,0.20397323,0.14735529
2026-05-10,00:00,35,La Liga,Barcelona,Real Madrid,Home Win,0.4603038,0.24801393,0.2916822
2026-05-10,00:00,35,La Liga,Levante,Osasuna,Away Win,0.37249866,0.2520682,0.3754332
2026-05-10,00:00,35,La Liga,Mallorca,Villarreal,Away Win,0.2205087,0.22918198,0.55030936
2026-05-10,00:00,35,La Liga,Elche,Alaves,Away Win,0.37184513,0.25138694,0.37676784
2026-05-10,00:00,35,La Liga,Sociedad,Betis,Away Win,0.2696094,0.24155912,0.4888315
2026-05-10,00:00,35,La Liga,Sevilla,Espanol,Away Win,0.3346265,0.25024122,0.4151323
2026-05-10,00:00,35,La Liga,Oviedo,Getafe,Away Win,0.3353701,0.24993996,0.41468993
2026-05-10,00:00,35,La Liga,Vallecano,Girona,Home Win,0.53567976,0.23652445,0.22779584
2026-05-13,00:00,36,La Liga,Alaves,Barcelona,Away Win,0.2366732,0.23417182,0.529155
2026-05-13,00:00,36,La Liga,Betis,Elche,Home Win,0.57348853,0.22734563,0.19916584
2026-05-13,00:00,36,La Liga,Celta,Levante,Home Win,0.5494119,0.23359427,0.21699378
2026-05-13,00:00,36,La Liga,Getafe,Mallorca,Home Win,0.3921087,0.25162068,0.35627055
2026-05-13,00:00,36,La Liga,Girona,Sociedad,Away Win,0.3149868,0.24816954,0.43684372
2026-05-13,00:00,36,La Liga,Espanol,Athletic Club,Home Win,0.41709572,0.250641,0.33226326
2026-05-13,00:00,36,La Liga,Osasuna,Ath Madrid,Away Win,0.25245968,0.23838593,0.50915444
2026-05-13,00:00,36,La Liga,Valencia,Vallecano,Away Win,0.32188812,0.24898754,0.42912433
2026-05-13,00:00,36,La Liga,Villarreal,Sevilla,Home Win,0.6559852,0.20139083,0.14262399
2026-05-13,00:00,36,La Liga,Real Madrid,Oviedo,Home Win,0.7134553,0.17917736,0.10736734
2026-05-17,00:00,37,La Liga,Athletic Club,Celta,Away Win,0.36233228,0.25143737,0.38623035
2026-05-17,00:00,37,La Liga,Ath Madrid,Girona,Home Win,0.70917845,0.18095171,0.109869815
2026-05-17,00:00,37,La Liga,Barcelona,Betis,Home Win,0.5890321,0.22298047,0.18798742
2026-05-17,00:00,37,La Liga,Elche,Getafe,Home Win,0.4001743,0.251686,0.3481397
2026-05-17,00:00,37,La Liga,Levante,Mallorca,Away Win,0.3542702,0.25140774,0.3943221
2026-05-17,00:00,37,La Liga,Vallecano,Villarreal,Away Win,0.24082297,0.23515786,0.5240192
2026-05-17,00:00,37,La Liga,Sociedad,Valencia,Home Win,0.46504298,0.24759302,0.28736407
2026-05-17,00:00,37,La Liga,Oviedo,Alaves,Away Win,0.30756775,0.247137,0.44529524
2026-05-17,00:00,37,La Liga,Osasuna,Espanol,Away Win,0.3282279,0.2498555,0.4219166
2026-05-17,00:00,37,La Liga,Sevilla,Real Madrid,Away Win,0.22837055,0.23165889,0.5399706
2026-05-24,00:00,38,La Liga,Alaves,Vallecano,Away Win,0.31708172,0.24851543,0.43440285
2026-05-24,00:00,38,La Liga,Betis,Levante,Home Win,0.61280775,0.21583341,0.17135885
2026-05-24,00:00,38,La Liga,Celta,Sevilla,Home Win,0.49845782,0.24326609,0.25827605
2026-05-24,00:00,38,La Liga,Espanol,Sociedad,Home Win,0.4380664,0.24972634,0.31220722
2026-05-24,00:00,38,La Liga,Getafe,Osasuna,Home Win,0.4300841,0.25031164,0.31960425
2026-05-24,00:00,38,La Liga,Mallorca,Oviedo,Home Win,0.48508087,0.2451003,0.26981884
2026-05-24,00:00,38,La Liga,Real Madrid,Athletic Club,Home Win,0.65376747,0.20217676,0.14405575
2026-05-24,00:00,38,La Liga,Villarreal,Ath Madrid,Home Win,0.38082242,0.25183254,0.36734498
2026-05-24,00:00,38,La Liga,Valencia,Barcelona,Away Win,0.23543186,0.23379974,0.5307684
2026-05-24,00:00,38,La Liga,Girona,Elche,Away Win,0.31645754,0.24795853,0.43558395
2025-12-05,19:30,13,Bundesliga,Mainz,M'gladbach,Away Win,0.3280155,0.2492401,0.42274436
2025-12-06,14:30,13,Bundesliga,Stuttgart,Bayern Munich,Away Win,0.26768437,0.24140643,0.49090916
2025-12-06,14:30,13,Bundesliga,Wolfsburg,Union Berlin,Away Win,0.29869625,0.24606769,0.45523605
2025-12-06,14:30,13,Bundesliga,Heidenheim,Freiburg,Away Win,0.2740686,0.24245529,0.48347613
2025-12-06,14:30,13,Bundesliga,FC Koln,St Pauli,Home Win,0.50118136,0.2428748,0.25594383
2025-12-06,14:30,13,Bundesliga,Augsburg,Leverkusen,Away Win,0.22841461,0.23188446,0.539701
2025-12-06,17:30,13,Bundesliga,RB Leipzig,Ein Frankfurt,Home Win,0.4478618,0.24908467,0.30305356
2025-12-07,14:30,13,Bundesliga,Hamburg,Werder Bremen,Away Win,0.25398767,0.2383151,0.50769717
2025-12-07,16:30,13,Bundesliga,Dortmund,Hoffenheim,Home Win,0.57239115,0.22765115,0.1999577
2025-12-12,19:30,14,Bundesliga,Union Berlin,RB Leipzig,Away Win,0.2500959,0.23755635,0.51234776
2025-12-13,14:30,14,Bundesliga,Ein Frankfurt,Augsburg,Home Win,0.6390667,0.2072739,0.1536594
2025-12-13,14:30,14,Bundesliga,M'gladbach,Wolfsburg,Home Win,0.50977194,0.241372,0.24885608
2025-12-13,14:30,14,Bundesliga,St Pauli,Heidenheim,Away Win,0.3471783,0.25088248,0.40193918
2025-12-13,14:30,14,Bundesliga,Hoffenheim,Hamburg,Home Win,0.59180665,0.22217853,0.18601479
2025-12-13,17:30,14,Bundesliga,Leverkusen,FC Koln,Home Win,0.69182605,0.18794437,0.120229565
2025-12-14,14:30,14,Bundesliga,Freiburg,Dortmund,Away Win,0.24311903,0.23570064,0.52118033
2025-12-14,16:30,14,Bundesliga,Bayern Munich,Mainz,Home Win,0.76768875,0.15492263,0.077388614
2025-12-14,18:30,14,Bundesliga,Werder Bremen,Stuttgart,Away Win,0.3203754,0.24872543,0.43089917
2025-12-19,19:30,15,Bundesliga,Dortmund,M'gladbach,Home Win,0.64033717,0.20684534,0.15281749
2025-12-20,14:30,15,Bundesliga,Stuttgart,Hoffenheim,Home Win,0.4713261,0.2468318,0.28184202
2025-12-20,14:30,15,Bundesliga,Wolfsburg,Freiburg,Away Win,0.2835181,0.24380021,0.47268164
2025-12-20,14:30,15,Bundesliga,Augsburg,Werder Bremen,Away Win,0.25848898,0.23945305,0.50205797
2025-12-20,14:30,15,Bundesliga,FC Koln,Union Berlin,Away Win,0.32304168,0.2489826,0.42797565
2025-12-20,14:30,15,Bundesliga,Hamburg,Ein Frankfurt,Away Win,0.23401459,0.23344937,0.53253603
2025-12-20,17:30,15,Bundesliga,RB Leipzig,Leverkusen,Away Win,0.35157496,0.2512408,0.3971842
2025-12-21,14:30,15,Bundesliga,Mainz,St Pauli,Home Win,0.46142772,0.24729647,0.2912758
2025-12-21,16:30,15,Bundesliga,Heidenheim,Bayern Munich,Away Win,0.2387704,0.23467797,0.52655166
2026-01-09,19:30,16,Bundesliga,Ein Frankfurt,Dortmund,Away Win,0.34480938,0.25054663,0.40464398
2026-01-10,14:30,16,Bundesliga,Freiburg,Hamburg,Home Win,0.5493868,0.23355813,0.21705511
2026-01-10,14:30,16,Bundesliga,Werder Bremen,Hoffenheim,Home Win,0.393683,0.25167072,0.35464624
2026-01-10,14:30,16,Bundesliga,Union Berlin,Mainz,Home Win,0.5269293,0.23849076,0.23457994
2026-01-10,14:30,16,Bundesliga,St Pauli,RB Leipzig,Away Win,0.23113692,0.23291261,0.5359505
2026-01-10,14:30,16,Bundesliga,Heidenheim,FC Koln,Away Win,0.32556576,0.24908318,0.42535102
2026-01-10,17:30,16,Bundesliga,Leverkusen,Stuttgart,Home Win,0.5559736,0.23197006,0.21205635
2026-01-11,14:30,16,Bundesliga,M'gladbach,Augsburg,Home Win,0.48612162,0.24481991,0.26905838
2026-01-11,16:30,16,Bundesliga,Bayern Munich,Wolfsburg,Home Win,0.7737195,0.15201668,0.07426381
2026-01-13,17:30,17,Bundesliga,Stuttgart,Ein Frankfurt,Home Win,0.3782201,0.25183216,0.36994767
2026-01-13,19:30,17,Bundesliga,Dortmund,Werder Bremen,Home Win,0.58488417,0.22417498,0.19094086
2026-01-13,19:30,17,Bundesliga,Mainz,Heidenheim,Home Win,0.44067344,0.24920961,0.31011695
2026-01-13,19:30,17,Bundesliga,Hamburg,Leverkusen,Away Win,0.22550997,0.23067173,0.5438183
2026-01-14,17:30,17,Bundesliga,Wolfsburg,St Pauli,Home Win,0.43604824,0.24968751,0.3142642
2026-01-14,19:30,17,Bundesliga,RB Leipzig,Freiburg,Home Win,0.576835,0.22642627,0.1967387
2026-01-14,19:30,17,Bundesliga,Hoffenheim,M'gladbach,Home Win,0.5281255,0.23809552,0.23377895
2026-01-14,19:30,17,Bundesliga,FC Koln,Bayern Munich,Away Win,0.23226266,0.2326183,0.535119
2026-01-15,19:30,17,Bundesliga,Augsburg,Union Berlin,Away Win,0.2961332,0.24580655,0.45806032
2026-01-16,19:30,18,Bundesliga,Werder Bremen,Ein Frankfurt,Away Win,0.31031775,0.24775064,0.4419316
2026-01-17,14:30,18,Bundesliga,Hoffenheim,Leverkusen,Away Win,0.24515483,0.23628107,0.51856416
2026-01-17,14:30,18,Bundesliga,FC Koln,Mainz,Home Win,0.42555845,0.25081757,0.32362393
2026-01-17,14:30,18,Bundesliga,Hamburg,M'gladbach,Away Win,0.32116595,0.24876806,0.43006602
2026-01-17,14:30,18,Bundesliga,Dortmund,St Pauli,Home Win,0.72149205,0.17578998,0.10271798
2026-01-17,14:30,18,Bundesliga,Wolfsburg,Heidenheim,Home Win,0.41427055,0.25097495,0.3347545
2026-01-17,17:30,18,Bundesliga,RB Leipzig,Bayern Munich,Away Win,0.2970709,0.24630901,0.45662007
2026-01-18,14:30,18,Bundesliga,Stuttgart,Union Berlin,Home Win,0.5578866,0.23148185,0.21063161
2026-01-18,16:30,18,Bundesliga,Augsburg,Freiburg,Away Win,0.2857878,0.24430601,0.46990615
2026-01-23,19:30,19,Bundesliga,St Pauli,Hamburg,Away Win,0.361041,0.25147378,0.38748527
2026-01-24,14:30,19,Bundesliga,Heidenheim,RB Leipzig,Away Win,0.2315398,0.23304655,0.5354136
2026-01-24,14:30,19,Bundesliga,Leverkusen,Werder Bremen,Home Win,0.6097006,0.21680412,0.1734953
2026-01-24,14:30,19,Bundesliga,Mainz,Wolfsburg,Home Win,0.41685182,0.2507102,0.332438
2026-01-24,14:30,19,Bundesliga,Bayern Munich,Augsburg,Home Win,0.77309185,0.15232056,0.07458759
2026-01-24,14:30,19,Bundesliga,Ein Frankfurt,Hoffenheim,Home Win,0.5120073,0.2409962,0.2469965
2026-01-24,17:30,19,Bundesliga,Union Berlin,Dortmund,Away Win,0.25524276,0.23851885,0.5062384
2026-01-25,14:30,19,Bundesliga,M'gladbach,Stuttgart,Away Win,0.23761347,0.23445949,0.52792704
2026-01-25,16:30,19,Bundesliga,Freiburg,FC Koln,Home Win,0.5075041,0.24172895,0.25076693
2026-01-31,00:00,20,Bundesliga,Hamburg,Bayern Munich,Away Win,0.23744297,0.23394032,0.5286167
2026-01-31,00:00,20,Bundesliga,Ein Frankfurt,Leverkusen,Away Win,0.33682808,0.25014636,0.41302556
2026-01-31,00:00,20,Bundesliga,Stuttgart,Freiburg,Home Win,0.53999794,0.2356252,0.22437686
2026-01-31,00:00,20,Bundesliga,RB Leipzig,Mainz,Home Win,0.6454747,0.20507927,0.14944607
2026-01-31,00:00,20,Bundesliga,Werder Bremen,M'gladbach,Home Win,0.5316994,0.2374924,0.2308082
2026-01-31,00:00,20,Bundesliga,FC Koln,Wolfsburg,Home Win,0.44940946,0.24905501,0.30153552
2026-01-31,00:00,20,Bundesliga,Hoffenheim,Union Berlin,Home Win,0.4802501,0.24516784,0.2745821
2026-01-31,00:00,20,Bundesliga,Augsburg,St Pauli,Home Win,0.45388997,0.24824499,0.2978651
2026-01-31,00:00,20,Bundesliga,Dortmund,Heidenheim,Home Win,0.7123071,0.17965478,0.108038105
2026-02-07,00:00,21,Bundesliga,M'gladbach,Leverkusen,Away Win,0.2229651,0.22999473,0.54704016
2026-02-07,00:00,21,Bundesliga,Union Berlin,Ein Frankfurt,Away Win,0.27304974,0.24223393,0.4847164
2026-02-07,00:00,21,Bundesliga,Wolfsburg,Dortmund,Away Win,0.23332812,0.23299761,0.53367424
2026-02-07,00:00,21,Bundesliga,FC Koln,RB Leipzig,Away Win,0.22597298,0.23118097,0.542846
2026-02-07,00:00,21,Bundesliga,Freiburg,Werder Bremen,Away Win,0.3443951,0.24988483,0.40572003
2026-02-07,00:00,21,Bundesliga,St Pauli,Stuttgart,Away Win,0.23732813,0.23469,0.52798194
2026-02-07,00:00,21,Bundesliga,Mainz,Augsburg,Home Win,0.39490062,0.2513255,0.35377392
2026-02-07,00:00,21,Bundesliga,Bayern Munich,Hoffenheim,Home Win,0.692135,0.18783022,0.12003479
2026-02-07,00:00,21,Bundesliga,Heidenheim,Hamburg,Away Win,0.35867468,0.25141424,0.38991103
2026-02-14,00:00,22,Bundesliga,Werder Bremen,Bayern Munich,Away Win,0.2445347,0.23625657,0.5192088
2026-02-14,00:00,22,Bundesliga,Hoffenheim,Freiburg,Home Win,0.46228394,0.24738672,0.2903294
2026-02-14,00:00,22,Bundesliga,Dortmund,Mainz,Home Win,0.67270976,0.19528234,0.13200791
2026-02-14,00:00,22,Bundesliga,Ein Frankfurt,M'gladbach,Home Win,0.5975519,0.22048637,0.1819617
2026-02-14,00:00,22,Bundesliga,RB Leipzig,Wolfsburg,Home Win,0.6546393,0.20186813,0.14349264
2026-02-14,00:00,22,Bundesliga,Hamburg,Union Berlin,Away Win,0.29772425,0.2459112,0.45636457
2026-02-14,00:00,22,Bundesliga,Leverkusen,St Pauli,Home Win,0.74225557,0.16670954,0.09103494
2026-02-14,00:00,22,Bundesliga,Augsburg,Heidenheim,Home Win,0.43200234,0.25003365,0.317964
2026-02-14,00:00,22,Bundesliga,Stuttgart,FC Koln,Home Win,0.6037627,0.21861835,0.177619
2026-02-21,00:00,23,Bundesliga,Union Berlin,Leverkusen,Away Win,0.23550116,0.23369382,0.530805
2026-02-21,00:00,23,Bundesliga,Bayern Munich,Ein Frankfurt,Home Win,0.65223485,0.20272827,0.14503685
2026-02-21,00:00,23,Bundesliga,RB Leipzig,Dortmund,Away Win,0.36747304,0.2516063,0.38092062
2026-02-21,00:00,23,Bundesliga,St Pauli,Werder Bremen,Away Win,0.24813598,0.23739032,0.5144737
2026-02-21,00:00,23,Bundesliga,Heidenheim,Stuttgart,Away Win,0.23777291,0.23482826,0.5273988
2026-02-21,00:00,23,Bundesliga,Freiburg,M'gladbach,Home Win,0.46313623,0.24770606,0.28915772
2026-02-21,00:00,23,Bundesliga,Wolfsburg,Augsburg,Away Win,0.36905548,0.25154755,0.37939695
2026-02-21,00:00,23,Bundesliga,FC Koln,Hoffenheim,Away Win,0.28594157,0.24457723,0.46948117
2026-02-21,00:00,23,Bundesliga,Mainz,Hamburg,Home Win,0.42628786,0.25024295,0.32346922
2026-02-28,00:00,24,Bundesliga,Dortmund,Bayern Munich,Away Win,0.2989303,0.2467278,0.45434192
2026-02-28,00:00,24,Bundesliga,Ein Frankfurt,Freiburg,Home Win,0.5636961,0.22997051,0.20633334
2026-02-28,00:00,24,Bundesliga,Leverkusen,Mainz,Home Win,0.6973181,0.18576494,0.11691699
2026-02-28,00:00,24,Bundesliga,Hamburg,RB Leipzig,Away Win,0.22737618,0.23157719,0.5410466
2026-02-28,00:00,24,Bundesliga,Stuttgart,Wolfsburg,Home Win,0.62260175,0.21272203,0.16467622
2026-02-28,00:00,24,Bundesliga,M'gladbach,Union Berlin,Away Win,0.3677558,0.25112444,0.38111973
2026-02-28,00:00,24,Bundesliga,Hoffenheim,St Pauli,Home Win,0.63075733,0.21006031,0.15918233
2026-02-28,00:00,24,Bundesliga,Werder Bremen,Heidenheim,Home Win,0.621095,0.21320571,0.16569929
2026-02-28,00:00,24,Bundesliga,Augsburg,FC Koln,Away Win,0.36068273,0.2511536,0.38816372
2026-03-07,00:00,25,Bundesliga,Freiburg,Leverkusen,Away Win,0.2285526,0.23168859,0.53975886
2026-03-07,00:00,25,Bundesliga,St Pauli,Ein Frankfurt,Away Win,0.2370492,0.23452921,0.5284216
2026-03-07,00:00,25,Bundesliga,FC Koln,Dortmund,Away Win,0.23163494,0.23254913,0.5358159
2026-03-07,00:00,25,Bundesliga,Union Berlin,Werder Bremen,Away Win,0.33826733,0.24996422,0.4117685
2026-03-07,00:00,25,Bundesliga,Mainz,Stuttgart,Away Win,0.23454495,0.2336704,0.53178465
2026-03-07,00:00,25,Bundesliga,Bayern Munich,M'gladbach,Home Win,0.7463892,0.16484737,0.08876347
2026-03-07,00:00,25,Bundesliga,RB Leipzig,Augsburg,Home Win,0.6532862,0.20234698,0.14436679
2026-03-07,00:00,25,Bundesliga,Heidenheim,Hoffenheim,Away Win,0.2674951,0.24139558,0.49110928
2026-03-07,00:00,25,Bundesliga,Wolfsburg,Hamburg,Home Win,0.39970058,0.25147688,0.34882256
2026-03-14,00:00,26,Bundesliga,Leverkusen,Bayern Munich,Away Win,0.29882348,0.2467304,0.45444617
2026-03-14,00:00,26,Bundesliga,Werder Bremen,Mainz,Home Win,0.5793509,0.22572604,0.19492309
2026-03-14,00:00,26,Bundesliga,Stuttgart,RB Leipzig,Away Win,0.33660412,0.25025746,0.4131384
2026-03-14,00:00,26,Bundesliga,Hoffenheim,Wolfsburg,Home Win,0.5873933,0.22345506,0.18915164
2026-03-14,00:00,26,Bundesliga,Dortmund,Augsburg,Home Win,0.67999214,0.19253235,0.12747549
2026-03-14,00:00,26,Bundesliga,Freiburg,Union Berlin,Home Win,0.42761892,0.2501188,0.3222623
2026-03-14,00:00,26,Bundesliga,M'gladbach,St Pauli,Home Win,0.54916424,0.23352595,0.21730979
2026-03-14,00:00,26,Bundesliga,Ein Frankfurt,Heidenheim,Home Win,0.6760694,0.19401905,0.12991157
2026-03-14,00:00,26,Bundesliga,Hamburg,FC Koln,Away Win,0.34621713,0.2505296,0.40325323
2026-03-21,00:00,27,Bundesliga,Heidenheim,Leverkusen,Away Win,0.2297744,0.2323408,0.53788483
2026-03-21,00:00,27,Bundesliga,Mainz,Ein Frankfurt,Away Win,0.2371687,0.23437823,0.52845305
2026-03-21,00:00,27,Bundesliga,St Pauli,Freiburg,Away Win,0.27011675,0.24172048,0.4881628
2026-03-21,00:00,27,Bundesliga,Wolfsburg,Werder Bremen,Away Win,0.25554106,0.2386271,0.50583184
2026-03-21,00:00,27,Bundesliga,Augsburg,Stuttgart,Away Win,0.23985018,0.23532873,0.52482104
2026-03-21,00:00,27,Bundesliga,FC Koln,M'gladbach,Away Win,0.35841733,0.2516282,0.38995448
2026-03-21,00:00,27,Bundesliga,Bayern Munich,Union Berlin,Home Win,0.7288735,0.17262003,0.098506495
2026-03-21,00:00,27,Bundesliga,RB Leipzig,Hoffenheim,Home Win,0.53095734,0.2375496,0.23149304
2026-03-21,00:00,27,Bundesliga,Dortmund,Hamburg,Home Win,0.6841865,0.19092406,0.124889456
2026-04-05,00:00,28,Bundesliga,Freiburg,Bayern Munich,Away Win,0.23330638,0.23305508,0.53363854
2026-04-05,00:00,28,Bundesliga,Stuttgart,Dortmund,Away Win,0.30294666,0.24706721,0.4499861
2026-04-05,00:00,28,Bundesliga,Hoffenheim,Mainz,Home Win,0.5779596,0.22611712,0.19592325
2026-04-05,00:00,28,Bundesliga,Werder Bremen,RB Leipzig,Away Win,0.28173646,0.24383542,0.4744281
2026-04-05,00:00,28,Bundesliga,Leverkusen,Wolfsburg,Home Win,0.7050804,0.18263105,0.11228856
2026-04-05,00:00,28,Bundesliga,Hamburg,Augsburg,Away Win,0.3622556,0.2513186,0.38642582
2026-04-05,00:00,28,Bundesliga,Union Berlin,St Pauli,Home Win,0.58128643,0.22518927,0.19352427
2026-04-05,00:00,28,Bundesliga,M'gladbach,Heidenheim,Home Win,0.53062755,0.23750186,0.23187065
2026-04-05,00:00,28,Bundesliga,Ein Frankfurt,FC Koln,Home Win,0.6184259,0.21406049,0.16751368
2026-04-11,00:00,29,Bundesliga,St Pauli,Bayern Munich,Away Win,0.2380751,0.23445417,0.5274707
2026-04-11,00:00,29,Bundesliga,Dortmund,Leverkusen,Home Win,0.4161255,0.25107798,0.33279645
2026-04-11,00:00,29,Bundesliga,Wolfsburg,Ein Frankfurt,Away Win,0.2347037,0.23362046,0.5316759
2026-04-11,00:00,29,Bundesliga,Mainz,Freiburg,Away Win,0.28701723,0.24425475,0.468728
2026-04-11,00:00,29,Bundesliga,FC Koln,Werder Bremen,Away Win,0.26667833,0.24093631,0.49238542
2026-04-11,00:00,29,Bundesliga,RB Leipzig,M'gladbach,Home Win,0.6101696,0.21665569,0.1731747
2026-04-11,00:00,29,Bundesliga,Heidenheim,Union Berlin,Away Win,0.2813914,0.2436739,0.4749347
2026-04-11,00:00,29,Bundesliga,Augsburg,Hoffenheim,Away Win,0.2715101,0.24201906,0.4864708
2026-04-11,00:00,29,Bundesliga,Stuttgart,Hamburg,Home Win,0.6266701,0.21140137,0.16192846
2026-04-18,00:00,30,Bundesliga,Freiburg,Heidenheim,Home Win,0.57197326,0.22776367,0.20026307
2026-04-18,00:00,30,Bundesliga,St Pauli,FC Koln,Away Win,0.32411027,0.24892823,0.42696145
2026-04-18,00:00,30,Bundesliga,Werder Bremen,Hamburg,Home Win,0.5928046,0.22188352,0.18531182
2026-04-18,00:00,30,Bundesliga,Leverkusen,Augsburg,Home Win,0.7042201,0.18298088,0.112798996
2026-04-18,00:00,30,Bundesliga,Hoffenheim,Dortmund,Away Win,0.25331306,0.23822974,0.5084573
2026-04-18,00:00,30,Bundesliga,M'gladbach,Mainz,Home Win,0.48764378,0.24472348,0.26763272
2026-04-18,00:00,30,Bundesliga,Ein Frankfurt,RB Leipzig,Home Win,0.4034827,0.2513557,0.3451616
2026-04-18,00:00,30,Bundesliga,Bayern Munich,Stuttgart,Home Win,0.6611198,0.19955528,0.13932487
2026-04-18,00:00,30,Bundesliga,Union Berlin,Wolfsburg,Home Win,0.54147387,0.23545311,0.22307308
2026-04-25,00:00,31,Bundesliga,Mainz,Bayern Munich,Away Win,0.23573093,0.23357585,0.53069323
2026-04-25,00:00,31,Bundesliga,FC Koln,Leverkusen,Away Win,0.22227624,0.22973007,0.5479937
2026-04-25,00:00,31,Bundesliga,Augsburg,Ein Frankfurt,Away Win,0.23605289,0.2342111,0.52973604
2026-04-25,00:00,31,Bundesliga,Dortmund,Freiburg,Home Win,0.60821235,0.2172612,0.17452647
2026-04-25,00:00,31,Bundesliga,Stuttgart,Werder Bremen,Home Win,0.50434566,0.2421821,0.25347224
2026-04-25,00:00,31,Bundesliga,Wolfsburg,M'gladbach,Away Win,0.32204136,0.24886541,0.42909318
2026-04-25,00:00,31,Bundesliga,RB Leipzig,Union Berlin,Home Win,0.5922983,0.2220337,0.185668
2026-04-25,00:00,31,Bundesliga,Heidenheim,St Pauli,Away Win,0.3661951,0.25146925,0.3823356
2026-04-25,00:00,31,Bundesliga,Hamburg,Hoffenheim,Away Win,0.2730925,0.24219461,0.48471287
2026-05-03,00:00,32,Bundesliga,M'gladbach,Dortmund,Away Win,0.23556186,0.2336818,0.53075635
2026-05-03,00:00,32,Bundesliga,St Pauli,Mainz,Away Win,0.3434856,0.25061733,0.40589705
2026-05-03,00:00,32,Bundesliga,Leverkusen,RB Leipzig,Home Win,0.51592773,0.24037075,0.24370156
2026-05-03,00:00,32,Bundesliga,Hoffenheim,Stuttgart,Away Win,0.32885638,0.24878615,0.4223575
2026-05-03,00:00,32,Bundesliga,Freiburg,Wolfsburg,Home Win,0.54493415,0.2345639,0.22050194
2026-05-03,00:00,32,Bundesliga,Werder Bremen,Augsburg,Home Win,0.58034545,0.22544917,0.19420537
2026-05-03,00:00,32,Bundesliga,Bayern Munich,Heidenheim,Home Win,0.7974224,0.1401623,0.0624153
2026-05-03,00:00,32,Bundesliga,Union Berlin,FC Koln,Home Win,0.5010164,0.24297829,0.25600535
2026-05-03,00:00,32,Bundesliga,Ein Frankfurt,Hamburg,Home Win,0.64686203,0.20459905,0.14853895
2026-05-09,00:00,33,Bundesliga,Wolfsburg,Bayern Munich,Away Win,0.2415489,0.23492868,0.5235224
2026-05-09,00:00,33,Bundesliga,Stuttgart,Leverkusen,Away Win,0.29056785,0.24545714,0.46397507
2026-05-09,00:00,33,Bundesliga,Dortmund,Ein Frankfurt,Home Win,0.51128364,0.24113104,0.24758531
2026-05-09,00:00,33,Bundesliga,Hamburg,Freiburg,Away Win,0.28361598,0.24380822,0.47257587
2026-05-09,00:00,33,Bundesliga,Hoffenheim,Werder Bremen,Home Win,0.39770284,0.25063595,0.3516612
2026-05-09,00:00,33,Bundesliga,Augsburg,M'gladbach,Away Win,0.3286525,0.24956942,0.42177808
2026-05-09,00:00,33,Bundesliga,Mainz,Union Berlin,Away Win,0.29853976,0.24589917,0.4555611
2026-05-09,00:00,33,Bundesliga,RB Leipzig,St Pauli,Home Win,0.6964407,0.18611531,0.11744398
2026-05-09,00:00,33,Bundesliga,FC Koln,Heidenheim,Home Win,0.4829463,0.24554804,0.27150562
2026-05-16,13:30,34,Bundesliga,Werder Bremen,Dortmund,Away Win,0.28248638,0.24369606,0.47381756
2026-05-16,13:30,34,Bundesliga,Heidenheim,Mainz,Away Win,0.34273395,0.25059947,0.4066666
2026-05-16,13:30,34,Bundesliga,Freiburg,RB Leipzig,Away Win,0.24113992,0.23538229,0.52347773
2026-05-16,13:30,34,Bundesliga,Ein Frankfurt,Stuttgart,Home Win,0.4573395,0.24809718,0.29456332
2026-05-16,13:30,34,Bundesliga,St Pauli,Wolfsburg,Away Win,0.3568814,0.2512955,0.39182308
2026-05-16,13:30,34,Bundesliga,Union Berlin,Augsburg,Home Win,0.5288598,0.2380862,0.23305403
2026-05-16,13:30,34,Bundesliga,M'gladbach,Hoffenheim,Away Win,0.2875364,0.2447094,0.46775422
2026-05-16,13:30,34,Bundesliga,Bayern Munich,FC Koln,Home Win,0.7649006,0.1562519,0.078847416
2026-05-16,13:30,34,Bundesliga,Leverkusen,Hamburg,Home Win,0.7085236,0.18121992,0.11025658
